// '150x150', 150x150px
const uint16_t epd_bitmap_150x150[] PROGMEM = {
	0x4207, 0x4a28, 0x4a07, 0x4a27, 0x4a07, 0x4a07, 0x4207, 0x4207, 0x4207, 0x4207, 0x4207, 0x4207, 0x4207, 0x4207, 0x4207, 0x4207,
	0x4a07, 0x4207, 0x4207, 0x4a07, 0x4a07, 0x4a07, 0x4a07, 0x4206, 0x41e6, 0x41e7, 0x41e6, 0x41e6, 0x41e6, 0x41e6, 0x41e6, 0x41e6,
	0x41e6, 0x41e6, 0x41e7, 0x41c6, 0x39c6, 0x39c6, 0x39c6, 0x39c6, 0x39c6, 0x39c6, 0x39c6, 0x39a6, 0x39c6, 0x39c5, 0x39c6, 0x39a6,
	0x39a6, 0x39a5, 0x39a5, 0x39a6, 0x39a5, 0x39a5, 0x39a5, 0x3985, 0x39a5, 0x3985, 0x3185, 0x3985, 0x39a5, 0x3985, 0x3185, 0x3185,
	0x3185, 0x3185, 0x3165, 0x3165, 0x3165, 0x3165, 0x3164, 0x3164, 0x3164, 0x3164, 0x3164, 0x2964, 0x2965, 0x2944, 0x2944, 0x2944,
	0x2964, 0x2964, 0x3144, 0x3144, 0x3144, 0x2944, 0x2944, 0x2944, 0x2944, 0x2924, 0x2924, 0x2924, 0x2924, 0x2924, 0x2924, 0x2924,
	0x2924, 0x2924, 0x2924, 0x2924, 0x2924, 0x2924, 0x2924, 0x2924, 0x2103, 0x2123, 0x2924, 0x2103, 0x2103, 0x2904, 0x2924, 0x2903,
	0x2903, 0x2903, 0x2103, 0x2904, 0x2904, 0x2903, 0x2903, 0x2103, 0x2103, 0x2103, 0x2103, 0x2103, 0x2103, 0x2103, 0x2103, 0x2103,
	0x2103, 0x2903, 0x2103, 0x2103, 0x20e3, 0x2103, 0x2103, 0x2103, 0x2103, 0x2103, 0x2103, 0x2103, 0x2103, 0x20e3, 0x20e3, 0x20e3,
	0x20e3, 0x20e3, 0x20e3, 0x2103, 0x2103, 0x2103, 0x4207, 0x4a07, 0x4a07, 0x4a07, 0x4a07, 0x4207, 0x4207, 0x4207, 0x4207, 0x4207,
	0x4207, 0x4207, 0x4207, 0x4207, 0x4207, 0x41e7, 0x4207, 0x4207, 0x4207, 0x4207, 0x4a07, 0x4207, 0x4207, 0x41e6, 0x41e6, 0x41e7,
	0x41e6, 0x41e6, 0x41e6, 0x41e6, 0x41e6, 0x41e6, 0x41e6, 0x41e6, 0x41e6, 0x41c6, 0x39c6, 0x39c6, 0x39c6, 0x39c6, 0x39c6, 0x39c6,
	0x39c6, 0x39c6, 0x39c5, 0x39c6, 0x39a5, 0x39a5, 0x39a6, 0x39a5, 0x39a5, 0x39a6, 0x39a5, 0x39a5, 0x39a5, 0x39a5, 0x3985, 0x3185,
	0x3185, 0x3985, 0x3985, 0x3985, 0x3185, 0x3185, 0x3185, 0x3185, 0x3185, 0x3165, 0x3165, 0x3165, 0x3165, 0x3165, 0x3164, 0x3164,
	0x3164, 0x3164, 0x2964, 0x2964, 0x2964, 0x2944, 0x2964, 0x2964, 0x2944, 0x2944, 0x2944, 0x2944, 0x2944, 0x2944, 0x2944, 0x2924,
	0x2924, 0x2924, 0x2924, 0x2924, 0x2924, 0x2924, 0x2944, 0x2924, 0x2924, 0x2924, 0x2924, 0x2924, 0x2924, 0x2924, 0x2123, 0x2123,
	0x2123, 0x2123, 0x2103, 0x2924, 0x2924, 0x2103, 0x2123, 0x2924, 0x2904, 0x2103, 0x2923, 0x2103, 0x2103, 0x2103, 0x2103, 0x2103,
	0x2103, 0x2103, 0x2103, 0x2103, 0x2103, 0x2103, 0x2103, 0x2103, 0x2103, 0x2103, 0x2103, 0x2103, 0x2103, 0x2103, 0x2103, 0x2103,
	0x2103, 0x2103, 0x2103, 0x20e3, 0x20e3, 0x20e3, 0x20e3, 0x20e3, 0x20e3, 0x2103, 0x2103, 0x2103, 0x4207, 0x4207, 0x4207, 0x4a07,
	0x4207, 0x4207, 0x4207, 0x4207, 0x4207, 0x4207, 0x4207, 0x4207, 0x4207, 0x4207, 0x4207, 0x4207, 0x4a07, 0x4207, 0x4207, 0x4207,
	0x4207, 0x4a07, 0x41e7, 0x41e6, 0x41e6, 0x41e6, 0x39e6, 0x39e6, 0x41e6, 0x41e6, 0x41e6, 0x41e6, 0x41e6, 0x41e6, 0x41e6, 0x39c6,
	0x39c6, 0x39c6, 0x39c6, 0x41c6, 0x39c6, 0x39c6, 0x39c6, 0x39a6, 0x39a6, 0x39c6, 0x39a6, 0x39a5, 0x39a6, 0x39a5, 0x39a6, 0x39a6,
	0x39a5, 0x39a5, 0x39a5, 0x3985, 0x3985, 0x3985, 0x3185, 0x3985, 0x3985, 0x3985, 0x3985, 0x3185, 0x3185, 0x3185, 0x3185, 0x3185,
	0x3165, 0x3165, 0x3164, 0x3164, 0x3164, 0x3164, 0x3144, 0x2964, 0x2964, 0x2944, 0x2944, 0x2944, 0x2964, 0x2944, 0x2944, 0x2944,
	0x2944, 0x2944, 0x3144, 0x2944, 0x2944, 0x2924, 0x2924, 0x2924, 0x2924, 0x2924, 0x2924, 0x2944, 0x2924, 0x2944, 0x2924, 0x2924,
	0x2924, 0x2924, 0x2924, 0x2924, 0x2924, 0x2924, 0x2123, 0x2924, 0x2123, 0x2924, 0x2924, 0x2924, 0x2103, 0x2103, 0x2904, 0x2903,
	0x2103, 0x2103, 0x2104, 0x2103, 0x2103, 0x2103, 0x2103, 0x2103, 0x2103, 0x2103, 0x2103, 0x2103, 0x2103, 0x2103, 0x2103, 0x2103,
	0x2103, 0x2103, 0x2103, 0x2103, 0x2103, 0x2103, 0x2103, 0x2103, 0x2103, 0x20e3, 0x20e3, 0x20e3, 0x20e3, 0x20e3, 0x20e3, 0x2103,
	0x2103, 0x2103, 0x4207, 0x4207, 0x4207, 0x4207, 0x4207, 0x4207, 0x4207, 0x4207, 0x4207, 0x4207, 0x4a07, 0x4207, 0x4207, 0x41e7,
	0x4207, 0x4207, 0x4207, 0x4a07, 0x4207, 0x4207, 0x4207, 0x4207, 0x41e7, 0x41e6, 0x41e6, 0x41e6, 0x41e6, 0x39e6, 0x41e6, 0x41e6,
	0x41e6, 0x41e6, 0x41e6, 0x41c6, 0x39c6, 0x39c6, 0x39c6, 0x39c6, 0x39c6, 0x41c6, 0x41c6, 0x39c6, 0x39c6, 0x39a6, 0x39a6, 0x39a6,
	0x39a6, 0x39a5, 0x39a6, 0x39a5, 0x39a6, 0x39a6, 0x39a5, 0x39a5, 0x39a5, 0x3985, 0x3985, 0x3185, 0x3985, 0x3185, 0x3185, 0x3185,
	0x3985, 0x3985, 0x3985, 0x3185, 0x3185, 0x3185, 0x3185, 0x3165, 0x3165, 0x3164, 0x3144, 0x3144, 0x3144, 0x2944, 0x2944, 0x2944,
	0x2944, 0x2944, 0x2944, 0x2944, 0x2944, 0x2944, 0x2944, 0x2944, 0x2944, 0x2944, 0x2944, 0x2944, 0x2924, 0x2924, 0x2924, 0x2944,
	0x2944, 0x2924, 0x2944, 0x2944, 0x2924, 0x2924, 0x2924, 0x2924, 0x2924, 0x2924, 0x2924, 0x2924, 0x2123, 0x2123, 0x2123, 0x2123,
	0x2124, 0x2924, 0x2903, 0x2903, 0x2903, 0x2903, 0x2903, 0x2103, 0x2103, 0x2103, 0x2103, 0x2103, 0x2103, 0x2103, 0x2103, 0x2103,
	0x2103, 0x2103, 0x2103, 0x2103, 0x2103, 0x2103, 0x2103, 0x2103, 0x2103, 0x2103, 0x2103, 0x2103, 0x2103, 0x2103, 0x2103, 0x2103,
	0x20e3, 0x2103, 0x20e3, 0x20e3, 0x20e3, 0x2103, 0x2103, 0x2103, 0x41e7, 0x41e6, 0x4206, 0x4207, 0x4207, 0x4207, 0x4207, 0x4207,
	0x4207, 0x4207, 0x4207, 0x4207, 0x4207, 0x4207, 0x41e7, 0x4207, 0x4207, 0x4207, 0x4207, 0x4207, 0x4207, 0x41e7, 0x41e7, 0x41e6,
	0x41e6, 0x41e6, 0x41e6, 0x41e6, 0x41e6, 0x41e6, 0x41e6, 0x41e6, 0x41e6, 0x41e6, 0x39c6, 0x39c6, 0x39c6, 0x41e6, 0x41e6, 0x41c6,
	0x39c6, 0x39c6, 0x39c6, 0x39a6, 0x39c6, 0x39c6, 0x39a6, 0x39a6, 0x39a6, 0x39a6, 0x39a6, 0x39a6, 0x39a5, 0x3985, 0x39a5, 0x3985,
	0x3185, 0x3185, 0x3185, 0x3985, 0x3185, 0x3185, 0x3985, 0x3985, 0x3985, 0x3185, 0x3185, 0x3185, 0x3185, 0x3165, 0x3164, 0x3144,
	0x3144, 0x2944, 0x2944, 0x2964, 0x2964, 0x2944, 0x2944, 0x2944, 0x2944, 0x2944, 0x2944, 0x2944, 0x2944, 0x2944, 0x2944, 0x2944,
	0x2944, 0x2944, 0x2944, 0x2944, 0x2944, 0x2944, 0x2944, 0x2944, 0x2924, 0x2924, 0x2924, 0x2924, 0x2924, 0x2924, 0x2924, 0x2924,
	0x2924, 0x2924, 0x2924, 0x2924, 0x2123, 0x2123, 0x2123, 0x2923, 0x2924, 0x2903, 0x2903, 0x2924, 0x2103, 0x2103, 0x2103, 0x2103,
	0x2103, 0x2103, 0x2103, 0x2103, 0x2103, 0x2103, 0x2103, 0x2103, 0x2103, 0x2103, 0x2103, 0x2103, 0x2103, 0x2103, 0x2103, 0x2103,
	0x2103, 0x2103, 0x2103, 0x2103, 0x2103, 0x2103, 0x2103, 0x2103, 0x20e3, 0x2103, 0x20e3, 0x20e3, 0x2103, 0x20e3, 0x41e7, 0x41e7,
	0x41e7, 0x4207, 0x4207, 0x4207, 0x4207, 0x4207, 0x4207, 0x4207, 0x4207, 0x4207, 0x4207, 0x41e7, 0x4207, 0x4207, 0x4207, 0x4207,
	0x4207, 0x41e6, 0x4207, 0x41e7, 0x41e7, 0x41e6, 0x41e6, 0x41e6, 0x41e6, 0x41e6, 0x41e6, 0x41e6, 0x41e6, 0x41e6, 0x41e6, 0x41e6,
	0x41e6, 0x41c6, 0x39c6, 0x41e6, 0x39c6, 0x39c6, 0x39c6, 0x39c5, 0x39c6, 0x39c6, 0x39c6, 0x39a6, 0x39a6, 0x39a6, 0x39a5, 0x39a6,
	0x39a5, 0x39a6, 0x39a5, 0x39a5, 0x3985, 0x3185, 0x3985, 0x3185, 0x3185, 0x3985, 0x3985, 0x3185, 0x3185, 0x3185, 0x3185, 0x3185,
	0x3185, 0x3185, 0x3185, 0x3165, 0x3164, 0x3165, 0x3164, 0x3144, 0x3144, 0x2944, 0x2964, 0x2944, 0x2944, 0x2944, 0x2944, 0x2944,
	0x2944, 0x2944, 0x2944, 0x2944, 0x2944, 0x2944, 0x2944, 0x2944, 0x2944, 0x2944, 0x2944, 0x2944, 0x2944, 0x2924, 0x2924, 0x2924,
	0x2924, 0x2924, 0x2924, 0x2924, 0x2924, 0x2924, 0x2924, 0x2924, 0x2924, 0x2924, 0x2924, 0x2123, 0x2103, 0x2104, 0x2903, 0x2923,
	0x2924, 0x2903, 0x2103, 0x2103, 0x2903, 0x2903, 0x2103, 0x2103, 0x2103, 0x2103, 0x2103, 0x2103, 0x2103, 0x2103, 0x2103, 0x2103,
	0x2103, 0x2103, 0x2103, 0x2103, 0x2103, 0x2103, 0x2103, 0x2103, 0x2103, 0x2103, 0x2103, 0x2103, 0x2103, 0x2103, 0x2103, 0x2103,
	0x20e3, 0x20e3, 0x20e3, 0x20e3, 0x41e6, 0x41e6, 0x41e7, 0x41e7, 0x4207, 0x4207, 0x4207, 0x4207, 0x4207, 0x4207, 0x4207, 0x4207,
	0x4206, 0x41e6, 0x41e6, 0x41e6, 0x41e7, 0x41e7, 0x4207, 0x41e6, 0x41e6, 0x41e7, 0x41e7, 0x41e6, 0x41e6, 0x41e6, 0x41e6, 0x41e6,
	0x41e6, 0x41e6, 0x41e6, 0x41e6, 0x41e6, 0x41e6, 0x41c6, 0x39c6, 0x39c6, 0x39c6, 0x39c6, 0x39c6, 0x39c5, 0x39c6, 0x39c6, 0x39c6,
	0x39a6, 0x39a6, 0x39a6, 0x39a5, 0x39a5, 0x39a6, 0x39a6, 0x39a5, 0x39a5, 0x39a5, 0x3985, 0x3985, 0x3185, 0x3185, 0x3185, 0x3985,
	0x3185, 0x3985, 0x3185, 0x3185, 0x3185, 0x3185, 0x3185, 0x3185, 0x3165, 0x3165, 0x3165, 0x3165, 0x2964, 0x2944, 0x2944, 0x2944,
	0x2944, 0x2944, 0x2944, 0x2944, 0x2944, 0x2944, 0x2944, 0x2944, 0x2944, 0x2944, 0x2944, 0x2944, 0x2944, 0x2924, 0x2924, 0x2944,
	0x2944, 0x2944, 0x2944, 0x2924, 0x2924, 0x2924, 0x2924, 0x2924, 0x2924, 0x2924, 0x2924, 0x2924, 0x2924, 0x2924, 0x2924, 0x2924,
	0x2924, 0x2103, 0x2123, 0x2924, 0x2924, 0x2923, 0x2903, 0x2903, 0x2123, 0x2103, 0x2903, 0x2103, 0x2903, 0x2103, 0x2103, 0x2103,
	0x2103, 0x2103, 0x2103, 0x2103, 0x2103, 0x2103, 0x2103, 0x2103, 0x2103, 0x2103, 0x2103, 0x2103, 0x2103, 0x2103, 0x2103, 0x2103,
	0x2103, 0x2103, 0x2103, 0x20e3, 0x20e3, 0x20e3, 0x20e3, 0x2103, 0x2103, 0x2103, 0x41e6, 0x41e6, 0x41e6, 0x4207, 0x4207, 0x4207,
	0x4207, 0x4207, 0x4207, 0x4207, 0x4207, 0x4207, 0x4207, 0x41e7, 0x41e6, 0x41e7, 0x41e7, 0x41e7, 0x41e7, 0x41e6, 0x41e6, 0x41e7,
	0x41e6, 0x41e6, 0x41e6, 0x41e6, 0x41e6, 0x41e6, 0x41e6, 0x41e6, 0x41e6, 0x41e6, 0x41e6, 0x41e6, 0x39c6, 0x39c6, 0x39c6, 0x39c6,
	0x39c6, 0x39c6, 0x39c6, 0x39c6, 0x39c6, 0x39c5, 0x39a6, 0x39a6, 0x39a5, 0x39a5, 0x39a5, 0x39a5, 0x39a5, 0x39a5, 0x39a5, 0x3985,
	0x3985, 0x3985, 0x3985, 0x3185, 0x3185, 0x3185, 0x3985, 0x3185, 0x3185, 0x3185, 0x3185, 0x3185, 0x3185, 0x3165, 0x3165, 0x3165,
	0x3165, 0x2944, 0x2964, 0x2964, 0x2944, 0x2944, 0x2944, 0x2944, 0x2944, 0x2944, 0x2944, 0x2944, 0x2944, 0x2944, 0x2944, 0x2944,
	0x2944, 0x2944, 0x2944, 0x2924, 0x2924, 0x2944, 0x2944, 0x2944, 0x2924, 0x2924, 0x2924, 0x2924, 0x2924, 0x2924, 0x2924, 0x2924,
	0x2924, 0x2924, 0x2924, 0x2924, 0x2924, 0x2924, 0x2924, 0x2924, 0x2123, 0x2103, 0x2903, 0x2923, 0x2924, 0x2903, 0x2903, 0x2103,
	0x2904, 0x2103, 0x2103, 0x2103, 0x2103, 0x2103, 0x2103, 0x2103, 0x2103, 0x2103, 0x2103, 0x2103, 0x2103, 0x2103, 0x2103, 0x2103,
	0x2103, 0x2103, 0x2103, 0x2103, 0x2103, 0x2103, 0x2103, 0x2103, 0x2103, 0x20e3, 0x20e3, 0x20e3, 0x2103, 0x2103, 0x2103, 0x20e3,
	0x41e7, 0x41e7, 0x41e7, 0x41e7, 0x4a07, 0x4207, 0x4207, 0x4206, 0x41e6, 0x41e7, 0x41e7, 0x41e7, 0x41e7, 0x41e7, 0x41e7, 0x41e7,
	0x41e7, 0x41e7, 0x41e7, 0x41e7, 0x41e7, 0x41e7, 0x41e6, 0x41e6, 0x41e6, 0x41e6, 0x41e6, 0x41e6, 0x41e6, 0x41e6, 0x41e6, 0x41e6,
	0x41e6, 0x41e6, 0x41e6, 0x39c6, 0x39c6, 0x39c6, 0x39a6, 0x39a6, 0x39c6, 0x39c6, 0x39c6, 0x39c6, 0x39a6, 0x39a6, 0x39a6, 0x39a5,
	0x39a5, 0x39a6, 0x39a5, 0x39a5, 0x39a5, 0x3985, 0x3985, 0x3985, 0x3985, 0x3985, 0x3185, 0x3985, 0x3185, 0x3185, 0x3185, 0x3185,
	0x3185, 0x3185, 0x3185, 0x3165, 0x3165, 0x3165, 0x3164, 0x2964, 0x2964, 0x2944, 0x2944, 0x2944, 0x2944, 0x2944, 0x2944, 0x2944,
	0x2944, 0x2944, 0x2944, 0x2944, 0x2944, 0x2944, 0x2944, 0x2944, 0x2924, 0x2944, 0x2944, 0x2944, 0x2944, 0x2944, 0x2944, 0x2924,
	0x2924, 0x2924, 0x2924, 0x2924, 0x2924, 0x2924, 0x2924, 0x2924, 0x2924, 0x2924, 0x2903, 0x2924, 0x2924, 0x2123, 0x2123, 0x2103,
	0x2103, 0x2103, 0x2103, 0x2903, 0x2903, 0x2903, 0x2103, 0x2103, 0x2924, 0x2924, 0x2103, 0x2103, 0x2103, 0x2103, 0x2103, 0x2103,
	0x2103, 0x2103, 0x2103, 0x2103, 0x2103, 0x2103, 0x2103, 0x2103, 0x2103, 0x2103, 0x2103, 0x2103, 0x2103, 0x2103, 0x2103, 0x2103,
	0x2103, 0x20e3, 0x2103, 0x2103, 0x2103, 0x2103, 0x41e6, 0x41e7, 0x41e7, 0x41e7, 0x4206, 0x4207, 0x4207, 0x4206, 0x41e6, 0x41e7,
	0x41e7, 0x41e7, 0x41e7, 0x41e7, 0x41e7, 0x41e7, 0x41e6, 0x41e6, 0x41e7, 0x41e7, 0x41e7, 0x41e6, 0x41e7, 0x41e6, 0x41e6, 0x41e6,
	0x41e6, 0x41e6, 0x41e6, 0x41e6, 0x41e6, 0x41e6, 0x41e6, 0x41e6, 0x39c6, 0x39c6, 0x39c6, 0x39c6, 0x39c6, 0x39c6, 0x39c6, 0x39c6,
	0x39c6, 0x39c6, 0x39a6, 0x39a6, 0x39a5, 0x39a6, 0x39a6, 0x39a5, 0x39a5, 0x39a5, 0x39a5, 0x39a5, 0x39a5, 0x3985, 0x3985, 0x3185,
	0x3985, 0x3185, 0x3185, 0x3185, 0x3185, 0x3185, 0x3185, 0x3165, 0x3185, 0x3185, 0x3165, 0x2964, 0x3164, 0x2944, 0x2944, 0x2944,
	0x2944, 0x2944, 0x2944, 0x2944, 0x2944, 0x2944, 0x2944, 0x2944, 0x2944, 0x2944, 0x2944, 0x2944, 0x2944, 0x2924, 0x2924, 0x2924,
	0x2944, 0x2944, 0x2944, 0x2944, 0x2944, 0x2924, 0x2924, 0x2924, 0x2924, 0x2924, 0x2924, 0x2924, 0x2924, 0x2924, 0x2924, 0x2903,
	0x2903, 0x2924, 0x2924, 0x2123, 0x2103, 0x2103, 0x2103, 0x2103, 0x2103, 0x2904, 0x2903, 0x2103, 0x2903, 0x2103, 0x2103, 0x2103,
	0x2103, 0x2103, 0x2103, 0x2103, 0x2103, 0x2103, 0x2103, 0x2103, 0x2103, 0x2103, 0x2103, 0x2103, 0x2103, 0x2103, 0x2103, 0x2103,
	0x2103, 0x20e3, 0x2103, 0x2103, 0x2103, 0x2103, 0x2103, 0x2103, 0x2103, 0x2103, 0x2103, 0x2103, 0x41e6, 0x41e6, 0x41e7, 0x41e7,
	0x41e7, 0x4207, 0x4207, 0x41e6, 0x41e6, 0x41e7, 0x41e7, 0x41e7, 0x41e7, 0x41e7, 0x41e7, 0x41e6, 0x41e6, 0x41e7, 0x41e7, 0x41e7,
	0x41e7, 0x41e6, 0x41e7, 0x41e6, 0x41e6, 0x41e7, 0x41e7, 0x41c6, 0x41c6, 0x41c6, 0x41e6, 0x41c6, 0x41c6, 0x41c6, 0x39c6, 0x39c6,
	0x39c6, 0x39c6, 0x39c6, 0x39c6, 0x39a6, 0x39c6, 0x39c6, 0x39c6, 0x39a6, 0x39a6, 0x39a6, 0x39a5, 0x39a6, 0x39a6, 0x39a6, 0x39a5,
	0x39a5, 0x39a5, 0x3985, 0x3985, 0x3985, 0x3985, 0x3185, 0x3185, 0x3185, 0x3185, 0x3185, 0x3185, 0x3185, 0x3165, 0x3165, 0x3165,
	0x3165, 0x2944, 0x2944, 0x2944, 0x2944, 0x2944, 0x2944, 0x2944, 0x2944, 0x2944, 0x2944, 0x2944, 0x2944, 0x2944, 0x2944, 0x2944,
	0x2944, 0x2944, 0x2944, 0x2944, 0x2944, 0x2924, 0x2944, 0x2944, 0x2944, 0x2944, 0x2924, 0x2924, 0x2924, 0x2924, 0x2924, 0x2924,
	0x2924, 0x2924, 0x2123, 0x2924, 0x2903, 0x2924, 0x2904, 0x2924, 0x2924, 0x2104, 0x2103, 0x2103, 0x2103, 0x2103, 0x2103, 0x2903,
	0x2104, 0x2104, 0x2904, 0x2103, 0x2903, 0x2903, 0x2103, 0x2103, 0x2103, 0x2103, 0x2103, 0x2103, 0x2103, 0x2103, 0x2103, 0x2103,
	0x2103, 0x2103, 0x2103, 0x2103, 0x2103, 0x2103, 0x2103, 0x2103, 0x20e3, 0x2103, 0x2103, 0x2103, 0x2103, 0x2103, 0x2103, 0x2103,
	0x2103, 0x2103, 0x41e6, 0x41e6, 0x41e7, 0x41e7, 0x41e6, 0x41e7, 0x41e6, 0x41e6, 0x41e6, 0x41e7, 0x41e7, 0x41e7, 0x41e7, 0x41e6,
	0x41e6, 0x41e6, 0x41e6, 0x41e6, 0x41e6, 0x41e6, 0x41e6, 0x41e6, 0x41e6, 0x41e6, 0x41e6, 0x41e6, 0x41c6, 0x41c6, 0x39c6, 0x41e6,
	0x41c6, 0x41e7, 0x39c6, 0x41c6, 0x39c6, 0x39c6, 0x39c6, 0x39c6, 0x39c6, 0x39c6, 0x39a6, 0x39c6, 0x39c6, 0x39c6, 0x39a6, 0x39a6,
	0x39a6, 0x39a5, 0x39a5, 0x39a5, 0x39a6, 0x39a5, 0x39a5, 0x3985, 0x3985, 0x3985, 0x3985, 0x3185, 0x3185, 0x3185, 0x3185, 0x3185,
	0x3185, 0x3165, 0x3165, 0x3165, 0x3165, 0x3165, 0x3165, 0x2964, 0x2964, 0x2944, 0x2944, 0x2944, 0x2944, 0x2944, 0x2944, 0x2944,
	0x2944, 0x2944, 0x2944, 0x2944, 0x2944, 0x2944, 0x2944, 0x2944, 0x2944, 0x2944, 0x2944, 0x2944, 0x2944, 0x2944, 0x2944, 0x2924,
	0x2924, 0x2924, 0x2924, 0x2924, 0x2924, 0x2924, 0x2924, 0x2123, 0x2123, 0x2923, 0x2924, 0x2924, 0x2903, 0x2123, 0x2124, 0x2924,
	0x2103, 0x2103, 0x2103, 0x2103, 0x2103, 0x2903, 0x2103, 0x2103, 0x2103, 0x2103, 0x2904, 0x2103, 0x2103, 0x2103, 0x2103, 0x2103,
	0x2103, 0x2103, 0x2103, 0x2103, 0x2103, 0x2103, 0x2103, 0x2103, 0x2103, 0x2103, 0x2103, 0x2103, 0x2103, 0x2103, 0x20e3, 0x2103,
	0x2103, 0x2103, 0x2103, 0x2103, 0x2103, 0x2103, 0x2103, 0x2103, 0x41e6, 0x41e6, 0x41e7, 0x41e7, 0x41e7, 0x41e6, 0x41e6, 0x41e6,
	0x41e6, 0x41e7, 0x41e7, 0x41e7, 0x41e7, 0x41e7, 0x41e6, 0x41e6, 0x41e6, 0x41e6, 0x41e6, 0x41e6, 0x41e6, 0x41e6, 0x41e6, 0x41e6,
	0x41e6, 0x41e6, 0x41c6, 0x41c6, 0x41c6, 0x41c6, 0x41e6, 0x41c6, 0x41e7, 0x41c6, 0x39c6, 0x39c6, 0x39c6, 0x39c6, 0x39c6, 0x39c6,
	0x39a6, 0x39c6, 0x39a6, 0x39a6, 0x39a6, 0x39a6, 0x39a6, 0x39a5, 0x3985, 0x39a5, 0x39a5, 0x39a5, 0x3185, 0x3985, 0x39a5, 0x3985,
	0x3985, 0x3185, 0x3185, 0x3185, 0x3185, 0x3185, 0x3185, 0x3185, 0x3185, 0x3165, 0x3165, 0x3165, 0x3165, 0x3165, 0x2964, 0x2964,
	0x2944, 0x2944, 0x2944, 0x2944, 0x2944, 0x2944, 0x2944, 0x2944, 0x2944, 0x2944, 0x2944, 0x2944, 0x2944, 0x2944, 0x2944, 0x2944,
	0x2944, 0x2944, 0x2944, 0x2924, 0x2924, 0x2924, 0x2924, 0x2924, 0x2924, 0x2924, 0x2924, 0x2924, 0x2924, 0x2123, 0x2123, 0x2923,
	0x2924, 0x2924, 0x2903, 0x2103, 0x2103, 0x2103, 0x2104, 0x2124, 0x2103, 0x2103, 0x2103, 0x2903, 0x2103, 0x2103, 0x2903, 0x2103,
	0x2103, 0x2103, 0x2103, 0x2103, 0x2103, 0x2103, 0x2103, 0x2103, 0x2103, 0x2103, 0x2103, 0x2103, 0x2103, 0x2103, 0x2103, 0x2103,
	0x2103, 0x2103, 0x2103, 0x2103, 0x2103, 0x2103, 0x2103, 0x2103, 0x20e3, 0x2103, 0x2103, 0x2103, 0x2103, 0x2103, 0x41e6, 0x41e6,
	0x41e6, 0x41e7, 0x41e7, 0x41e7, 0x41e7, 0x41e7, 0x41e6, 0x41e7, 0x41e7, 0x41e7, 0x41e7, 0x41e7, 0x41e7, 0x41e6, 0x41e6, 0x41e6,
	0x41e6, 0x41e6, 0x41e6, 0x41e6, 0x41e6, 0x41e6, 0x41e6, 0x41e6, 0x41c6, 0x41c6, 0x41c6, 0x41c6, 0x41e7, 0x41e7, 0x41c7, 0x41c6,
	0x39c6, 0x39c6, 0x39c6, 0x39c6, 0x39c6, 0x39c6, 0x39a6, 0x39a6, 0x39a6, 0x39a6, 0x39a6, 0x39a6, 0x39a5, 0x39a5, 0x3985, 0x3985,
	0x3985, 0x3985, 0x39a6, 0x3985, 0x3985, 0x3985, 0x3985, 0x3185, 0x3185, 0x3185, 0x3185, 0x3185, 0x3185, 0x3185, 0x3165, 0x3165,
	0x3165, 0x3165, 0x3165, 0x3165, 0x2964, 0x2944, 0x2964, 0x2944, 0x2944, 0x2944, 0x2944, 0x2944, 0x2944, 0x2944, 0x2944, 0x2944,
	0x2944, 0x2944, 0x2944, 0x2944, 0x2944, 0x2944, 0x2944, 0x2944, 0x2944, 0x2944, 0x2924, 0x2924, 0x2924, 0x2924, 0x2924, 0x2924,
	0x2924, 0x2924, 0x2924, 0x2924, 0x2924, 0x2123, 0x2123, 0x2123, 0x2103, 0x2924, 0x2924, 0x2103, 0x2123, 0x2104, 0x2104, 0x2103,
	0x2103, 0x2103, 0x2903, 0x2103, 0x2103, 0x2103, 0x2103, 0x2103, 0x2103, 0x2103, 0x2103, 0x2103, 0x2103, 0x2103, 0x2103, 0x2103,
	0x2103, 0x2103, 0x2103, 0x2103, 0x2103, 0x2103, 0x2103, 0x2103, 0x2103, 0x2103, 0x2103, 0x2103, 0x2103, 0x2103, 0x20e3, 0x2103,
	0x20e3, 0x2103, 0x2103, 0x2103, 0x41e7, 0x41e7, 0x41e7, 0x41e6, 0x41e7, 0x41e7, 0x41e7, 0x41e6, 0x41e6, 0x41e7, 0x41e7, 0x41e7,
	0x41e7, 0x41e7, 0x41e7, 0x41e6, 0x41e6, 0x41c6, 0x41c6, 0x41c6, 0x41c6, 0x41e6, 0x41e6, 0x41e6, 0x41c6, 0x41e6, 0x41e7, 0x39c6,
	0x41c6, 0x41e7, 0x41e7, 0x41e6, 0x41c6, 0x39c6, 0x39c6, 0x39c6, 0x39c6, 0x39a6, 0x39a6, 0x39c5, 0x39a5, 0x39a6, 0x39a6, 0x39c6,
	0x39a6, 0x39a6, 0x39a5, 0x3985, 0x3985, 0x3985, 0x3985, 0x39a5, 0x39a6, 0x39a6, 0x3985, 0x3985, 0x3185, 0x3985, 0x3185, 0x3185,
	0x3185, 0x3165, 0x3165, 0x3185, 0x3165, 0x3165, 0x3165, 0x3165, 0x2964, 0x3165, 0x3165, 0x2944, 0x2944, 0x2944, 0x2944, 0x2944,
	0x2944, 0x2944, 0x2944, 0x2944, 0x2944, 0x2944, 0x2924, 0x2944, 0x2944, 0x2944, 0x2924, 0x2944, 0x2944, 0x2944, 0x2924, 0x2924,
	0x2924, 0x2924, 0x2924, 0x2924, 0x2924, 0x2924, 0x2924, 0x2924, 0x2924, 0x2924, 0x2924, 0x2924, 0x2123, 0x2923, 0x2924, 0x2924,
	0x2903, 0x2103, 0x2103, 0x2103, 0x2103, 0x2103, 0x2103, 0x2103, 0x2103, 0x2103, 0x2103, 0x2103, 0x2903, 0x2103, 0x2103, 0x2103,
	0x2103, 0x2103, 0x2103, 0x2103, 0x2103, 0x2103, 0x2103, 0x2103, 0x2103, 0x2103, 0x2103, 0x2103, 0x2103, 0x2103, 0x20e3, 0x2103,
	0x2103, 0x2103, 0x2103, 0x2103, 0x20e3, 0x20e3, 0x20e3, 0x2103, 0x2103, 0x2103, 0x41e6, 0x41e7, 0x41e7, 0x41e6, 0x41e6, 0x41e6,
	0x41e6, 0x41e6, 0x41e6, 0x41e7, 0x41e7, 0x41e7, 0x41e7, 0x41e7, 0x41e7, 0x41e6, 0x41e6, 0x41c6, 0x41c6, 0x41c6, 0x41c6, 0x41e6,
	0x41e6, 0x41c6, 0x41c6, 0x41c6, 0x41c6, 0x41c6, 0x41c6, 0x39c6, 0x41c6, 0x41e6, 0x41c6, 0x39c6, 0x39c6, 0x39c6, 0x39c6, 0x39a6,
	0x39a6, 0x39a5, 0x39a5, 0x39a5, 0x39a6, 0x39a6, 0x39a6, 0x39a5, 0x39a5, 0x39a5, 0x3985, 0x3985, 0x3985, 0x3985, 0x3985, 0x39a5,
	0x3185, 0x3185, 0x3985, 0x3185, 0x3185, 0x3185, 0x3185, 0x3165, 0x3165, 0x3165, 0x3165, 0x3165, 0x3165, 0x3165, 0x2964, 0x3165,
	0x3165, 0x2964, 0x2944, 0x2944, 0x2944, 0x2944, 0x2944, 0x2944, 0x2944, 0x2944, 0x2944, 0x2944, 0x2944, 0x2965, 0x2944, 0x2124,
	0x2124, 0x2124, 0x2944, 0x2944, 0x2924, 0x2924, 0x2924, 0x2924, 0x2924, 0x2924, 0x2924, 0x2903, 0x2924, 0x2924, 0x2924, 0x2924,
	0x2924, 0x2123, 0x2123, 0x2923, 0x2904, 0x2903, 0x2903, 0x2103, 0x2103, 0x2103, 0x2103, 0x2103, 0x2103, 0x2103, 0x2103, 0x2103,
	0x2103, 0x2103, 0x2103, 0x2103, 0x2103, 0x2103, 0x2103, 0x2103, 0x2103, 0x2103, 0x2103, 0x2103, 0x2103, 0x2103, 0x2103, 0x2103,
	0x2103, 0x2103, 0x2103, 0x2103, 0x20e3, 0x20e3, 0x2103, 0x2103, 0x2103, 0x2103, 0x20e3, 0x2103, 0x2103, 0x2103, 0x20e3, 0x2103,
	0x41e6, 0x41e6, 0x41e6, 0x41e6, 0x41e6, 0x41c6, 0x41c6, 0x41c6, 0x41e7, 0x41c7, 0x41e6, 0x41e6, 0x41e6, 0x41e7, 0x41e7, 0x41c6,
	0x41c6, 0x39c6, 0x41c6, 0x41c6, 0x41c6, 0x41e6, 0x41c6, 0x41e6, 0x41c7, 0x41c6, 0x41c6, 0x41c6, 0x41c6, 0x39c6, 0x39c6, 0x39c6,
	0x39c6, 0x39c6, 0x39c6, 0x39a6, 0x39a6, 0x39a6, 0x39a6, 0x39a6, 0x39a6, 0x39a5, 0x39a5, 0x39a5, 0x39a5, 0x39a5, 0x39a5, 0x39a5,
	0x39a5, 0x3985, 0x3985, 0x3985, 0x3985, 0x3185, 0x3985, 0x3185, 0x3185, 0x3185, 0x3185, 0x3185, 0x3185, 0x3164, 0x3164, 0x3165,
	0x3165, 0x3165, 0x3165, 0x3165, 0x2964, 0x2964, 0x2944, 0x2944, 0x2944, 0x2944, 0x2944, 0x2944, 0x2944, 0x2944, 0x2944, 0x2944,
	0x2944, 0x2964, 0x3185, 0x2924, 0x2944, 0x2944, 0x18e3, 0x2103, 0x2124, 0x2944, 0x2924, 0x2924, 0x2924, 0x2924, 0x2924, 0x2924,
	0x2924, 0x2924, 0x2924, 0x2924, 0x2924, 0x2104, 0x2104, 0x2103, 0x2123, 0x2123, 0x2903, 0x2903, 0x2103, 0x2103, 0x2103, 0x2103,
	0x2103, 0x2103, 0x2103, 0x2103, 0x2103, 0x2103, 0x2103, 0x2103, 0x2103, 0x2103, 0x2103, 0x2103, 0x2103, 0x2103, 0x2103, 0x2103,
	0x2103, 0x2103, 0x2103, 0x2103, 0x2103, 0x2103, 0x2103, 0x2103, 0x2103, 0x20e3, 0x20e3, 0x20e3, 0x2103, 0x2103, 0x2103, 0x2103,
	0x2103, 0x2103, 0x2103, 0x2103, 0x2103, 0x2103, 0x41c6, 0x41e6, 0x41e6, 0x41e6, 0x41e6, 0x41c6, 0x41c6, 0x41e6, 0x41c7, 0x41c6,
	0x41c6, 0x41c6, 0x41c6, 0x41c6, 0x41e7, 0x41c6, 0x41e7, 0x41c6, 0x41e6, 0x41e6, 0x39c6, 0x41c6, 0x41c6, 0x41c6, 0x39c6, 0x39c6,
	0x41c6, 0x41c6, 0x41c6, 0x39c6, 0x39c6, 0x39c6, 0x39c6, 0x39c6, 0x39a6, 0x39a6, 0x39a6, 0x39a6, 0x39a6, 0x39a5, 0x39a5, 0x39a5,
	0x3985, 0x39a5, 0x39a5, 0x39a5, 0x3985, 0x3985, 0x39a5, 0x39a5, 0x39a5, 0x3985, 0x3985, 0x3185, 0x3185, 0x3185, 0x3185, 0x3185,
	0x3185, 0x3185, 0x3165, 0x3165, 0x3185, 0x3165, 0x3165, 0x3165, 0x3165, 0x2964, 0x2964, 0x2964, 0x2944, 0x2944, 0x2944, 0x2944,
	0x2944, 0x2944, 0x2944, 0x2944, 0x2944, 0x2944, 0x2964, 0x3185, 0x2103, 0x4a68, 0x9492, 0x18c3, 0x10a2, 0x18c3, 0x2103, 0x2944,
	0x2924, 0x2924, 0x2123, 0x2924, 0x2924, 0x2924, 0x2924, 0x2924, 0x2924, 0x2924, 0x2123, 0x2924, 0x2104, 0x2103, 0x2923, 0x2103,
	0x2103, 0x2103, 0x2103, 0x2103, 0x2103, 0x2103, 0x2103, 0x2103, 0x2103, 0x20e3, 0x20e3, 0x20e3, 0x2103, 0x2123, 0x20e3, 0x2103,
	0x2103, 0x2103, 0x2103, 0x2103, 0x2103, 0x2103, 0x2103, 0x2103, 0x2103, 0x2103, 0x2103, 0x2103, 0x2103, 0x2103, 0x2103, 0x2103,
	0x2103, 0x20e3, 0x2103, 0x20e3, 0x2103, 0x2103, 0x2103, 0x2103, 0x2103, 0x20e3, 0x20e3, 0x20e3, 0x39c6, 0x41c6, 0x41c6, 0x41e6,
	0x41e6, 0x41c6, 0x41c6, 0x41e6, 0x41c7, 0x41c6, 0x41c6, 0x41c6, 0x41e6, 0x41c6, 0x41c7, 0x41e6, 0x41e6, 0x41e7, 0x41e6, 0x41e6,
	0x41c6, 0x41c6, 0x41c6, 0x41c6, 0x39c6, 0x39c6, 0x41c6, 0x41c6, 0x39c6, 0x39c6, 0x39c6, 0x39c6, 0x39c6, 0x39a6, 0x39a6, 0x39a6,
	0x39a6, 0x39a6, 0x39a6, 0x39a5, 0x39a5, 0x39a5, 0x39a5, 0x3985, 0x39a5, 0x3985, 0x39a5, 0x3985, 0x39a5, 0x39a5, 0x39a5, 0x3985,
	0x3985, 0x3185, 0x3185, 0x3185, 0x3185, 0x3185, 0x3185, 0x3185, 0x3165, 0x3165, 0x3165, 0x3165, 0x3165, 0x3165, 0x2964, 0x3165,
	0x2964, 0x2944, 0x2964, 0x2944, 0x2944, 0x2944, 0x2944, 0x2944, 0x2944, 0x2944, 0x2944, 0x3165, 0x3185, 0x2123, 0x738d, 0xef7d,
	0x5289, 0x0841, 0x18c3, 0x18c2, 0x2103, 0x2944, 0x2924, 0x2924, 0x2924, 0x2123, 0x2123, 0x2103, 0x2104, 0x2924, 0x2924, 0x2104,
	0x2103, 0x2124, 0x2123, 0x2103, 0x2103, 0x2103, 0x2103, 0x2103, 0x2103, 0x2103, 0x2103, 0x2103, 0x2103, 0x2103, 0x20e3, 0x20e3,
	0x20e3, 0x2103, 0x10a2, 0x1061, 0x2924, 0x2103, 0x20e3, 0x2103, 0x2103, 0x2103, 0x2103, 0x2103, 0x2103, 0x2103, 0x2103, 0x2103,
	0x2103, 0x2103, 0x2103, 0x2103, 0x2103, 0x2103, 0x2103, 0x2103, 0x2103, 0x2103, 0x2103, 0x20e3, 0x20e3, 0x2103, 0x20e3, 0x20e3,
	0x20e3, 0x20e3, 0x39c6, 0x39c6, 0x41e6, 0x41e6, 0x41e6, 0x41e6, 0x41e6, 0x41e6, 0x41c7, 0x41c6, 0x41c6, 0x41e7, 0x41c6, 0x41e7,
	0x39c6, 0x39c6, 0x39c6, 0x41e6, 0x41e6, 0x39c6, 0x41c6, 0x41c7, 0x41c6, 0x41c6, 0x39c6, 0x41c6, 0x41c6, 0x41c6, 0x39c6, 0x39c6,
	0x39c6, 0x39c6, 0x39c6, 0x39a6, 0x39a6, 0x39a6, 0x39a6, 0x39a6, 0x39a5, 0x39a5, 0x39a5, 0x39a5, 0x39a5, 0x39a5, 0x3985, 0x39a5,
	0x39a5, 0x3985, 0x3985, 0x39a5, 0x39a5, 0x3985, 0x3985, 0x3985, 0x3185, 0x3185, 0x3185, 0x3185, 0x3185, 0x3185, 0x3165, 0x3165,
	0x3185, 0x3185, 0x3165, 0x3165, 0x3165, 0x2964, 0x2944, 0x2944, 0x2944, 0x2944, 0x2944, 0x2944, 0x2944, 0x2944, 0x2944, 0x2944,
	0x3164, 0x3164, 0x3185, 0xa513, 0xffff, 0x9cf2, 0x0020, 0x18e3, 0x10a2, 0x18c3, 0x2124, 0x2924, 0x2924, 0x2924, 0x2124, 0x2103,
	0x2103, 0x2103, 0x2103, 0x2104, 0x2104, 0x2103, 0x2103, 0x2103, 0x2123, 0x2103, 0x2103, 0x2103, 0x2103, 0x2103, 0x2103, 0x2103,
	0x2103, 0x2103, 0x20e3, 0x10a1, 0x18c2, 0x18c2, 0x18c2, 0x10a2, 0x4208, 0xad54, 0xa534, 0x18a2, 0x20e3, 0x2103, 0x2103, 0x2103,
	0x2103, 0x2103, 0x2103, 0x2103, 0x2103, 0x2103, 0x2103, 0x2103, 0x2103, 0x2103, 0x2103, 0x20e3, 0x2103, 0x2103, 0x2103, 0x2103,
	0x20e3, 0x2103, 0x2103, 0x2103, 0x2103, 0x20e3, 0x20e3, 0x20e3, 0x41c6, 0x41c6, 0x41e6, 0x41e6, 0x41e7, 0x41c6, 0x41e6, 0x41c6,
	0x41c6, 0x41c6, 0x41c6, 0x41e6, 0x39c6, 0x41c6, 0x41c6, 0x39c6, 0x39c6, 0x41c6, 0x41e6, 0x39c6, 0x41c6, 0x41c6, 0x41c6, 0x41c6,
	0x39c6, 0x39c6, 0x41c6, 0x41c6, 0x39c6, 0x39c6, 0x39c6, 0x39c6, 0x39c6, 0x39c6, 0x39a6, 0x39a6, 0x39a6, 0x39a6, 0x39a5, 0x39a6,
	0x39a5, 0x39a5, 0x39a5, 0x3985, 0x3985, 0x39a5, 0x3985, 0x3985, 0x3985, 0x3985, 0x39a5, 0x3985, 0x3985, 0x3185, 0x3185, 0x3185,
	0x3185, 0x3185, 0x3185, 0x3165, 0x3165, 0x3165, 0x3185, 0x3185, 0x3165, 0x3165, 0x2964, 0x2944, 0x2944, 0x2944, 0x2944, 0x2944,
	0x2944, 0x2944, 0x2944, 0x2964, 0x2944, 0x3165, 0x2923, 0x41e6, 0xce58, 0xffff, 0xef17, 0x2121, 0x10a3, 0x18c2, 0x10c2, 0x18e3,
	0x2924, 0x2124, 0x2124, 0x2123, 0x2123, 0x2103, 0x2103, 0x2103, 0x2103, 0x2103, 0x2103, 0x2103, 0x2103, 0x2103, 0x2103, 0x2103,
	0x2103, 0x2103, 0x2103, 0x2103, 0x2103, 0x18e3, 0x20e3, 0x18a2, 0x18c2, 0x39c6, 0x0861, 0x10a2, 0x0861, 0x2924, 0xf7be, 0xffff,
	0x528a, 0x1061, 0x20e3, 0x20e3, 0x2103, 0x2103, 0x2103, 0x2103, 0x2103, 0x2103, 0x2103, 0x2103, 0x2103, 0x2103, 0x2103, 0x2103,
	0x2903, 0x2103, 0x2103, 0x2103, 0x2103, 0x2103, 0x2103, 0x2103, 0x2103, 0x2103, 0x2103, 0x2103, 0x20e3, 0x20e3, 0x41c6, 0x41c6,
	0x41c6, 0x39c6, 0x41e6, 0x41c6, 0x41e6, 0x41c6, 0x41c6, 0x41c6, 0x41c6, 0x41c6, 0x41c6, 0x39c6, 0x41c6, 0x41c6, 0x39c6, 0x41c6,
	0x41c6, 0x39c6, 0x39c6, 0x39c6, 0x39c6, 0x39c6, 0x39c6, 0x39c6, 0x39c6, 0x39c6, 0x39c6, 0x39c6, 0x39c6, 0x39c6, 0x39c6, 0x39a6,
	0x39a6, 0x39a5, 0x39a5, 0x39a5, 0x39a6, 0x39a5, 0x39a5, 0x39a5, 0x39a5, 0x39a5, 0x3985, 0x39a5, 0x39a5, 0x3985, 0x3985, 0x3185,
	0x3985, 0x3985, 0x3985, 0x3185, 0x3185, 0x3185, 0x3185, 0x3185, 0x3165, 0x3185, 0x3185, 0x3185, 0x3185, 0x3165, 0x3165, 0x3165,
	0x2944, 0x2944, 0x2944, 0x2944, 0x2944, 0x2944, 0x2944, 0x3165, 0x3165, 0x3165, 0x3185, 0x2924, 0x4a27, 0xe71b, 0xffff, 0xff96,
	0x9bc3, 0x0862, 0x18c3, 0x10c2, 0x18c2, 0x2103, 0x2104, 0x2104, 0x2103, 0x2103, 0x2103, 0x2103, 0x2103, 0x2103, 0x2103, 0x2103,
	0x2103, 0x2103, 0x2103, 0x20e3, 0x20e3, 0x2103, 0x2103, 0x2103, 0x20e3, 0x1081, 0x10a2, 0x18e3, 0x0861, 0x52aa, 0xe71b, 0xffff,
	0x4a49, 0x0020, 0x0000, 0x8410, 0xffff, 0x94d3, 0x0020, 0x18e3, 0x20e3, 0x20e3, 0x2103, 0x2103, 0x2103, 0x2103, 0x2103, 0x2103,
	0x2103, 0x2103, 0x2103, 0x2103, 0x2103, 0x2903, 0x2903, 0x2103, 0x2103, 0x2103, 0x2103, 0x20e3, 0x2103, 0x2103, 0x2103, 0x2103,
	0x2103, 0x2103, 0x2103, 0x20e3, 0x41c6, 0x41c6, 0x41c6, 0x39c6, 0x41e6, 0x41c6, 0x39c6, 0x39c6, 0x41c6, 0x41c6, 0x41c6, 0x41c6,
	0x41c6, 0x41c6, 0x39c6, 0x39c6, 0x41c6, 0x39c6, 0x41c6, 0x41c6, 0x39c6, 0x39c6, 0x39c6, 0x39c6, 0x39c6, 0x39c6, 0x39c6, 0x39c6,
	0x39a6, 0x39a6, 0x39a6, 0x39a6, 0x39a6, 0x39a6, 0x39a5, 0x39a5, 0x39a5, 0x39a5, 0x39a5, 0x39a5, 0x39a5, 0x39a5, 0x39a5, 0x39a5,
	0x3985, 0x3985, 0x3985, 0x3985, 0x3985, 0x3985, 0x3985, 0x3185, 0x3185, 0x3185, 0x3185, 0x3185, 0x3185, 0x3165, 0x3165, 0x3165,
	0x3165, 0x3165, 0x3165, 0x3185, 0x3165, 0x2964, 0x2944, 0x2944, 0x2944, 0x2944, 0x2944, 0x2944, 0x3165, 0x3165, 0x3165, 0x3185,
	0x2944, 0x4a48, 0xe73c, 0xffff, 0xf778, 0xed83, 0x4181, 0x0883, 0x18c2, 0x10a2, 0x18e3, 0x2124, 0x2103, 0x2104, 0x2103, 0x2103,
	0x2103, 0x2103, 0x2103, 0x2103, 0x2103, 0x2103, 0x2103, 0x2103, 0x2103, 0x20e3, 0x20e3, 0x2103, 0x2103, 0x18e3, 0x2103, 0x632c,
	0x4a49, 0x0841, 0x10a2, 0x2103, 0xdefb, 0xffff, 0xef5d, 0x2104, 0x18c3, 0xffdf, 0xf79e, 0x2125, 0x10a2, 0x18e3, 0x20e3, 0x20e3,
	0x20e3, 0x2103, 0x2103, 0x2103, 0x2103, 0x2103, 0x2103, 0x2103, 0x2103, 0x2103, 0x2103, 0x2103, 0x2103, 0x2103, 0x2103, 0x2103,
	0x2103, 0x1903, 0x2103, 0x2103, 0x2103, 0x2103, 0x2103, 0x2103, 0x2103, 0x2103, 0x41c6, 0x41c6, 0x41c6, 0x39c6, 0x39c6, 0x39c6,
	0x39c6, 0x39c6, 0x41c6, 0x41c6, 0x39c6, 0x39c6, 0x39c6, 0x39c6, 0x39c6, 0x39c6, 0x39c6, 0x39c6, 0x39c6, 0x41e6, 0x41c6, 0x39c6,
	0x39c6, 0x39c6, 0x39c6, 0x39c6, 0x39a6, 0x39a6, 0x39a6, 0x39a5, 0x39a6, 0x39a6, 0x39a6, 0x39a6, 0x39a6, 0x39a6, 0x39a6, 0x39a5,
	0x39a5, 0x39a5, 0x39a6, 0x39a6, 0x3985, 0x39a5, 0x3985, 0x3985, 0x3985, 0x3985, 0x3985, 0x3985, 0x3985, 0x3185, 0x3185, 0x3185,
	0x3185, 0x3185, 0x3185, 0x3165, 0x3165, 0x3165, 0x3165, 0x3165, 0x3165, 0x3165, 0x3165, 0x2964, 0x2944, 0x2944, 0x2944, 0x2944,
	0x2964, 0x2964, 0x3165, 0x3165, 0x3185, 0x3164, 0x39c6, 0xdefb, 0xffff, 0xf7bb, 0xfe64, 0xa3a1, 0x0062, 0x10c2, 0x10a2, 0x10a2,
	0x2103, 0x2103, 0x2103, 0x2104, 0x2103, 0x2103, 0x2103, 0x2103, 0x2103, 0x2103, 0x2103, 0x2123, 0x2103, 0x20e3, 0x2103, 0x20e3,
	0x18e3, 0x18c3, 0x18e3, 0x0861, 0xad76, 0xffff, 0x6b8e, 0x0000, 0x18c3, 0x0021, 0x31a7, 0xf7be, 0xffff, 0xb596, 0x9cb3, 0xffff,
	0x73ae, 0x0021, 0x18c3, 0x18c3, 0x20e3, 0x20e3, 0x20e3, 0x2103, 0x2103, 0x2103, 0x2103, 0x2103, 0x2103, 0x2103, 0x2103, 0x2103,
	0x2103, 0x2103, 0x2103, 0x2103, 0x2103, 0x2103, 0x2103, 0x2103, 0x2103, 0x2103, 0x2103, 0x2103, 0x20e3, 0x2103, 0x20e3, 0x20e3,
	0x41c6, 0x41c7, 0x41c6, 0x39e6, 0x39c6, 0x39c6, 0x39c6, 0x39c6, 0x41c6, 0x41c6, 0x39c6, 0x39c6, 0x39c6, 0x39c6, 0x39c6, 0x39c6,
	0x39c6, 0x39c6, 0x39c6, 0x39c6, 0x39c6, 0x39c6, 0x39c6, 0x39c6, 0x39c6, 0x39a6, 0x39a6, 0x39a6, 0x39a6, 0x39a5, 0x39a6, 0x39a6,
	0x39a6, 0x39a6, 0x39a6, 0x39a6, 0x39a5, 0x39a5, 0x39a5, 0x39a5, 0x39a5, 0x39a5, 0x3985, 0x39a5, 0x3985, 0x3185, 0x3985, 0x3185,
	0x3185, 0x3185, 0x3185, 0x3185, 0x3185, 0x3185, 0x3185, 0x3165, 0x3165, 0x3165, 0x3165, 0x3165, 0x3165, 0x2964, 0x2944, 0x3165,
	0x2964, 0x2944, 0x2944, 0x2944, 0x2944, 0x2944, 0x2965, 0x2965, 0x3165, 0x3185, 0x3165, 0x3185, 0xce58, 0xffff, 0xffdd, 0xfe87,
	0xf580, 0x3143, 0x0062, 0x10a3, 0x0882, 0x18e3, 0x2104, 0x2103, 0x2103, 0x2104, 0x2103, 0x2103, 0x2103, 0x2103, 0x2103, 0x2103,
	0x18c2, 0x1081, 0x1081, 0x10a2, 0x0841, 0x0881, 0x18c3, 0x10a2, 0x18c3, 0x0841, 0xbdd7, 0xffff, 0x5aec, 0x0000, 0x10a2, 0x10c3,
	0x0020, 0x6b4d, 0xffff, 0xffff, 0xffff, 0xd6ba, 0x1082, 0x10a2, 0x18c2, 0x18c3, 0x20e3, 0x20e3, 0x20e3, 0x2103, 0x2103, 0x2103,
	0x2103, 0x2103, 0x2103, 0x2103, 0x2103, 0x2103, 0x2103, 0x2103, 0x2103, 0x2103, 0x2103, 0x2103, 0x2103, 0x2103, 0x2103, 0x2103,
	0x2103, 0x2103, 0x2103, 0x2103, 0x2103, 0x2103, 0x41c6, 0x41c6, 0x39c6, 0x39c6, 0x39c6, 0x39c6, 0x39c6, 0x39c6, 0x41c6, 0x41c6,
	0x39c6, 0x39c6, 0x39c6, 0x39c6, 0x39c6, 0x39c6, 0x39c6, 0x39c6, 0x39c6, 0x39c6, 0x39c6, 0x39c6, 0x39c6, 0x39c6, 0x39c6, 0x39a6,
	0x39a6, 0x39a6, 0x39a6, 0x39a6, 0x39a6, 0x39a6, 0x39a6, 0x39a6, 0x39a6, 0x39a6, 0x39a5, 0x39a5, 0x39a5, 0x39a5, 0x39a5, 0x3985,
	0x3985, 0x3985, 0x39a5, 0x3985, 0x3985, 0x3185, 0x3185, 0x3185, 0x3185, 0x3185, 0x3185, 0x3185, 0x3165, 0x3165, 0x3165, 0x3165,
	0x3165, 0x2964, 0x2964, 0x2944, 0x2944, 0x2944, 0x2944, 0x2944, 0x2944, 0x2944, 0x2944, 0x2944, 0x2964, 0x2965, 0x3185, 0x3185,
	0x2944, 0xbdd6, 0xffff, 0xffff, 0xf6eb, 0xfe20, 0x8b22, 0x0022, 0x10a3, 0x0883, 0x10a2, 0x2124, 0x2104, 0x2104, 0x2103, 0x2104,
	0x2104, 0x2103, 0x2103, 0x2103, 0x18a2, 0x1082, 0x3185, 0x632c, 0xa555, 0xce79, 0xad75, 0x3a07, 0x0841, 0x18c3, 0x18c2, 0x0821,
	0xad75, 0xffff, 0x5acb, 0x0000, 0x10a2, 0x10a2, 0x18e3, 0x0841, 0x9492, 0xffff, 0xffff, 0x630c, 0x0000, 0x18c2, 0x18c2, 0x18e3,
	0x20e3, 0x20e3, 0x2103, 0x2103, 0x2103, 0x2103, 0x2103, 0x2103, 0x2103, 0x2103, 0x2103, 0x2103, 0x2103, 0x2103, 0x2103, 0x2103,
	0x2103, 0x2103, 0x2103, 0x2103, 0x2103, 0x2103, 0x2103, 0x2103, 0x2103, 0x2103, 0x20e3, 0x20e3, 0x39c6, 0x39c6, 0x39c6, 0x39c6,
	0x39c6, 0x39c6, 0x39c6, 0x39c6, 0x39c6, 0x39c6, 0x39c6, 0x39c6, 0x39c6, 0x39c6, 0x39c6, 0x39c6, 0x39c6, 0x39c6, 0x39c5, 0x39c5,
	0x39c6, 0x39c6, 0x39c6, 0x39c6, 0x39a6, 0x39a6, 0x39a5, 0x39a6, 0x39a6, 0x39a6, 0x39a6, 0x39a6, 0x39a6, 0x39a6, 0x39a5, 0x39a5,
	0x39a6, 0x39a5, 0x39a5, 0x3985, 0x3986, 0x3985, 0x3985, 0x3185, 0x3185, 0x3985, 0x3985, 0x3185, 0x3185, 0x3165, 0x3165, 0x3185,
	0x3185, 0x3165, 0x3165, 0x3165, 0x3165, 0x3165, 0x3165, 0x2964, 0x2944, 0x2944, 0x2944, 0x2944, 0x2944, 0x2944, 0x2944, 0x2944,
	0x2944, 0x2965, 0x3165, 0x3165, 0x3185, 0x2123, 0xad54, 0xffff, 0xffff, 0xf730, 0xfe40, 0xed62, 0x20c1, 0x0882, 0x10a2, 0x1082,
	0x18e3, 0x2124, 0x2104, 0x2104, 0x2104, 0x2104, 0x2104, 0x2104, 0x2104, 0x1082, 0x5acb, 0xce38, 0xf79e, 0xffff, 0xffff, 0xffff,
	0xffff, 0xf7be, 0x31a7, 0x0861, 0x18c2, 0x0820, 0xad75, 0xffff, 0x52ab, 0x0000, 0x10a2, 0x1082, 0x18c3, 0x18c3, 0x0841, 0xd69a,
	0xffff, 0x2965, 0x0840, 0x10a2, 0x18c2, 0x18e3, 0x18e3, 0x2103, 0x2103, 0x2103, 0x2103, 0x2103, 0x2103, 0x2103, 0x2103, 0x2103,
	0x2103, 0x2103, 0x2103, 0x2103, 0x2103, 0x2103, 0x2103, 0x2103, 0x2103, 0x2103, 0x2103, 0x2103, 0x2103, 0x2103, 0x2103, 0x2103,
	0x2103, 0x2103, 0x39c6, 0x39c6, 0x39c6, 0x39c6, 0x39a6, 0x39c6, 0x39a6, 0x39c6, 0x39c6, 0x39c6, 0x39c6, 0x39c6, 0x39c6, 0x39c6,
	0x39c6, 0x39c6, 0x39a6, 0x39a6, 0x39c6, 0x39c6, 0x39c6, 0x39c6, 0x39c6, 0x39a6, 0x39a6, 0x39a6, 0x39a5, 0x39a5, 0x39a6, 0x39a6,
	0x39a6, 0x39a6, 0x39a6, 0x39a6, 0x39a5, 0x39a5, 0x39a5, 0x39a5, 0x39a5, 0x31a6, 0x31a6, 0x3985, 0x3185, 0x3185, 0x3185, 0x3185,
	0x3185, 0x3165, 0x3185, 0x3165, 0x3165, 0x3185, 0x3165, 0x3165, 0x3165, 0x3165, 0x3165, 0x3165, 0x3165, 0x2964, 0x2964, 0x2964,
	0x2944, 0x2944, 0x2944, 0x2944, 0x2944, 0x2944, 0x2964, 0x2965, 0x3165, 0x3185, 0x2944, 0xa513, 0xffff, 0xffff, 0xff53, 0xf620,
	0xfe60, 0x7ae2, 0x0042, 0x10c2, 0x0882, 0x10a2, 0x2104, 0x2104, 0x2104, 0x2104, 0x2104, 0x2103, 0x20e3, 0x18e3, 0x2103, 0x0840,
	0x8c91, 0xffff, 0xef7d, 0xb5d7, 0x73ae, 0x73ae, 0xe73c, 0xffff, 0x9492, 0x0000, 0x18c2, 0x0840, 0xb595, 0xffff, 0x52ab, 0x0000,
	0x10a2, 0x10a2, 0x18a2, 0x18c3, 0x10a2, 0xce59, 0xffff, 0x2986, 0x0040, 0x10a2, 0x18c2, 0x18e3, 0x20e3, 0x20e3, 0x2103, 0x2103,
	0x2103, 0x2103, 0x2103, 0x2103, 0x2103, 0x2103, 0x2103, 0x2103, 0x2103, 0x2103, 0x2103, 0x2103, 0x2103, 0x2103, 0x2103, 0x2103,
	0x2103, 0x2103, 0x2103, 0x20e3, 0x2103, 0x2103, 0x2103, 0x2103, 0x39c6, 0x39a6, 0x39c6, 0x39a6, 0x39c6, 0x39a6, 0x39c6, 0x39c6,
	0x39a6, 0x39c6, 0x39c6, 0x39c6, 0x39c6, 0x39c6, 0x39a6, 0x39c6, 0x39a6, 0x39a6, 0x39a6, 0x39c6, 0x39a6, 0x39a6, 0x39a6, 0x39a6,
	0x39a6, 0x39a5, 0x39a5, 0x39a5, 0x39a6, 0x39a6, 0x39a6, 0x39a5, 0x39a5, 0x39a5, 0x39a5, 0x3985, 0x39a5, 0x39a5, 0x3985, 0x31a5,
	0x31a5, 0x3185, 0x3185, 0x3185, 0x3185, 0x3185, 0x3185, 0x3185, 0x3185, 0x3185, 0x3165, 0x3165, 0x3165, 0x3165, 0x3165, 0x3165,
	0x3165, 0x3165, 0x2964, 0x2964, 0x3165, 0x2964, 0x2944, 0x2944, 0x2944, 0x2944, 0x2944, 0x2964, 0x2965, 0x2965, 0x3185, 0x2123,
	0x9490, 0xffff, 0xffff, 0xff77, 0xf621, 0xfe60, 0xd502, 0x10a1, 0x0882, 0x10a2, 0x0881, 0x18e3, 0x2104, 0x2104, 0x2104, 0x2104,
	0x2104, 0x18c3, 0x18c3, 0x18c2, 0x18e3, 0x0841, 0x8430, 0xffff, 0x634d, 0x0000, 0x0000, 0x0000, 0x6b6d, 0xffff, 0xb596, 0x0840,
	0x18c2, 0x0861, 0xb5b6, 0xffff, 0x52cb, 0x0000, 0x10a2, 0x10a1, 0x18a2, 0x18c2, 0x18c3, 0xe73c, 0xffff, 0x2945, 0x0841, 0x18c2,
	0x18c2, 0x18e3, 0x2103, 0x2103, 0x2103, 0x2103, 0x2103, 0x2103, 0x2103, 0x2103, 0x2103, 0x2103, 0x2103, 0x2103, 0x2103, 0x2103,
	0x2103, 0x2103, 0x2103, 0x20e3, 0x2103, 0x2103, 0x2103, 0x2103, 0x2103, 0x2103, 0x20e3, 0x2103, 0x2103, 0x2103, 0x39c5, 0x39a6,
	0x39a6, 0x39a6, 0x39a6, 0x39a6, 0x39a6, 0x39a6, 0x39a6, 0x39a6, 0x39a6, 0x41c6, 0x39c6, 0x39c6, 0x39a6, 0x39a6, 0x39a6, 0x39a6,
	0x39a6, 0x39a6, 0x39a6, 0x39a6, 0x39a6, 0x39a6, 0x39a5, 0x39a5, 0x39a6, 0x39a6, 0x39a6, 0x39a6, 0x39a6, 0x39a6, 0x39a5, 0x39a5,
	0x3185, 0x39a5, 0x3185, 0x3985, 0x3185, 0x3185, 0x3185, 0x3185, 0x3185, 0x3185, 0x3185, 0x3185, 0x3185, 0x3185, 0x3185, 0x3185,
	0x3185, 0x3165, 0x3165, 0x3165, 0x3165, 0x3165, 0x2964, 0x2964, 0x2964, 0x2964, 0x2964, 0x2964, 0x2964, 0x2964, 0x2944, 0x2964,
	0x2945, 0x2965, 0x2964, 0x3185, 0x2103, 0x7bae, 0xffff, 0xffff, 0xffba, 0xf643, 0xfe40, 0xfe61, 0x6222, 0x0042, 0x10a2, 0x0881,
	0x10a2, 0x2124, 0x2124, 0x2124, 0x18e3, 0x1081, 0x1082, 0x2124, 0x18a2, 0x10a2, 0x18c3, 0x0841, 0x8451, 0xffff, 0x73af, 0x0000,
	0x10c3, 0x0021, 0x4a69, 0xffff, 0xad75, 0x0020, 0x18c2, 0x0861, 0xbdd6, 0xffff, 0x5aeb, 0x0020, 0x18a2, 0x10a2, 0x18a2, 0x18a2,
	0x2104, 0x73ae, 0x4228, 0x10a2, 0x18a2, 0x18c2, 0x18e3, 0x20e3, 0x2103, 0x2103, 0x2103, 0x2103, 0x2103, 0x2103, 0x2103, 0x2103,
	0x2103, 0x2103, 0x2103, 0x2103, 0x2103, 0x2103, 0x2103, 0x2103, 0x2103, 0x2103, 0x2103, 0x2103, 0x2103, 0x2103, 0x2103, 0x2103,
	0x20e3, 0x2103, 0x2103, 0x2103, 0x39a5, 0x39a6, 0x39a6, 0x39a6, 0x39a6, 0x39a6, 0x39a6, 0x39a6, 0x39a6, 0x39a6, 0x39a6, 0x39a6,
	0x39c6, 0x39a6, 0x39a6, 0x39a6, 0x39a6, 0x39a6, 0x39a6, 0x39a6, 0x39a6, 0x39a6, 0x39a6, 0x39a5, 0x39a5, 0x39a5, 0x39a5, 0x39a6,
	0x39a6, 0x39a6, 0x39a6, 0x39a6, 0x39a5, 0x39a5, 0x39a5, 0x3185, 0x3985, 0x3985, 0x3985, 0x3185, 0x3185, 0x3185, 0x3185, 0x3185,
	0x3185, 0x3185, 0x3185, 0x3185, 0x3165, 0x3165, 0x3165, 0x3165, 0x3165, 0x3165, 0x3165, 0x2944, 0x2944, 0x2944, 0x2964, 0x2944,
	0x2944, 0x2944, 0x2964, 0x2964, 0x2964, 0x2964, 0x2965, 0x2965, 0x3185, 0x2103, 0x630b, 0xffff, 0xffff, 0xfffd, 0xf6c6, 0xfe60,
	0xfea0, 0xc4c1, 0x0862, 0x10a2, 0x10a2, 0x10a2, 0x10c2, 0x10c2, 0x1081, 0x18c2, 0x2945, 0x5aec, 0xa534, 0x4228, 0x0841, 0x1082,
	0x18a2, 0x0841, 0x8451, 0xffff, 0x7bef, 0x0000, 0x10a3, 0x0000, 0x8430, 0xffff, 0x73ae, 0x0020, 0x18c2, 0x1081, 0xc638, 0xffff,
	0x632c, 0x0020, 0x18c2, 0x18c2, 0x18c3, 0x18e3, 0x18e3, 0x1081, 0x1081, 0x18e3, 0x18e3, 0x18e3, 0x2103, 0x2103, 0x2103, 0x2103,
	0x2103, 0x20e3, 0x2103, 0x2103, 0x2103, 0x2103, 0x2103, 0x2103, 0x2103, 0x2103, 0x2103, 0x2103, 0x2103, 0x2103, 0x2103, 0x2103,
	0x2103, 0x2103, 0x2103, 0x2103, 0x2103, 0x2103, 0x2103, 0x2103, 0x2103, 0x2103, 0x39a6, 0x39a6, 0x39a6, 0x39a6, 0x39a6, 0x39a6,
	0x39a6, 0x39a6, 0x39a6, 0x39a6, 0x39a6, 0x39a6, 0x39a6, 0x39a6, 0x39a6, 0x39a6, 0x39a6, 0x39a6, 0x39a6, 0x39a5, 0x39a6, 0x39a5,
	0x39a6, 0x39a5, 0x39a5, 0x39a5, 0x39a5, 0x39a6, 0x39c6, 0x39c6, 0x39a6, 0x39a6, 0x39a6, 0x39a6, 0x3985, 0x3985, 0x3985, 0x3985,
	0x3985, 0x3185, 0x3185, 0x3185, 0x3185, 0x3185, 0x3185, 0x3185, 0x3185, 0x3185, 0x3165, 0x3165, 0x3165, 0x3165, 0x3165, 0x3165,
	0x2964, 0x2964, 0x2944, 0x2944, 0x2944, 0x2944, 0x2944, 0x2964, 0x2964, 0x2964, 0x3165, 0x2965, 0x2965, 0x3185, 0x2123, 0x4a48,
	0xf79e, 0xffff, 0xffff, 0xf70a, 0xfe60, 0xfea0, 0xfea1, 0x5222, 0x0062, 0x10a2, 0x0040, 0x0020, 0x2104, 0x52aa, 0x9492, 0xbe39,
	0xef7b, 0xfff9, 0x6b6b, 0x0041, 0x1082, 0x1081, 0x18c2, 0x0841, 0x8471, 0xffff, 0x738e, 0x0000, 0x0021, 0x52ec, 0xffff, 0xef5d,
	0x2104, 0x10a2, 0x18c2, 0x18c3, 0xce79, 0xce59, 0x31c7, 0x0861, 0x18e3, 0x18e3, 0x18e3, 0x18e3, 0x2103, 0x2103, 0x2103, 0x2103,
	0x20e3, 0x2103, 0x2103, 0x2103, 0x2103, 0x2103, 0x2103, 0x2103, 0x2103, 0x2103, 0x2103, 0x2103, 0x2103, 0x2103, 0x2103, 0x2103,
	0x2103, 0x2103, 0x2103, 0x2103, 0x2103, 0x2103, 0x2103, 0x2103, 0x2103, 0x2103, 0x2103, 0x2103, 0x2103, 0x2103, 0x2103, 0x2103,
	0x39a6, 0x39a6, 0x39a6, 0x39a6, 0x39a6, 0x39a6, 0x39a6, 0x39a6, 0x39a6, 0x39a6, 0x39a6, 0x39a6, 0x39a6, 0x39a6, 0x39a6, 0x39a6,
	0x39a6, 0x39a6, 0x39a6, 0x39a5, 0x39a5, 0x39a5, 0x39a5, 0x39a5, 0x39a5, 0x39a5, 0x39a5, 0x39a6, 0x39a6, 0x39a6, 0x39a5, 0x39a6,
	0x39a6, 0x39a6, 0x3985, 0x3985, 0x3185, 0x3185, 0x3185, 0x3185, 0x3185, 0x3185, 0x3185, 0x3185, 0x3185, 0x3185, 0x3185, 0x3165,
	0x3165, 0x3165, 0x3165, 0x3165, 0x3165, 0x2944, 0x2944, 0x2944, 0x2944, 0x2944, 0x2944, 0x2944, 0x2944, 0x2944, 0x2964, 0x3165,
	0x3165, 0x2965, 0x3185, 0x2944, 0x31a5, 0xe6fb, 0xffff, 0xffff, 0xff4f, 0xfe40, 0xfe80, 0xff00, 0xac42, 0x0001, 0x0040, 0x0861,
	0x3a07, 0x94b2, 0xe71d, 0xffff, 0xfffb, 0xff71, 0xfe87, 0x5201, 0x0000, 0x10a2, 0x1061, 0x1082, 0x18e3, 0x0841, 0x8c71, 0xffff,
	0x8430, 0x630c, 0xbdf7, 0xffff, 0xffff, 0x5acb, 0x0841, 0x18e3, 0x10a2, 0x18e3, 0x2965, 0x1081, 0x10a2, 0x18e3, 0x18e3, 0x20e3,
	0x2103, 0x2103, 0x2103, 0x2103, 0x2103, 0x2103, 0x2103, 0x2123, 0x2124, 0x18e3, 0x2103, 0x2103, 0x2103, 0x2103, 0x2103, 0x2103,
	0x2103, 0x2103, 0x2103, 0x2103, 0x2103, 0x2103, 0x2103, 0x2103, 0x2103, 0x2103, 0x2103, 0x2103, 0x20e3, 0x2103, 0x2103, 0x2103,
	0x2103, 0x2103, 0x2103, 0x2103, 0x2103, 0x2103, 0x39a6, 0x39a6, 0x39a6, 0x39a6, 0x39a6, 0x39a6, 0x39a6, 0x39a6, 0x39a6, 0x39a6,
	0x39c6, 0x39a6, 0x39a6, 0x39a6, 0x39a6, 0x39a6, 0x39a6, 0x39a6, 0x39a5, 0x39a5, 0x39a5, 0x39a5, 0x39a5, 0x39a5, 0x39a5, 0x39a5,
	0x39a5, 0x39a5, 0x39a5, 0x39a5, 0x39a5, 0x39a5, 0x39a5, 0x3985, 0x3185, 0x3185, 0x3185, 0x3185, 0x3185, 0x3185, 0x3185, 0x3185,
	0x3165, 0x3165, 0x3165, 0x3165, 0x3165, 0x3165, 0x3165, 0x3165, 0x3165, 0x3165, 0x2964, 0x2944, 0x2944, 0x2944, 0x2944, 0x2944,
	0x2944, 0x2944, 0x2944, 0x2944, 0x2944, 0x3165, 0x3165, 0x3185, 0x3185, 0x2944, 0xc616, 0xffff, 0xffff, 0xff95, 0xfe60, 0xfe60,
	0xfe80, 0xe580, 0x3942, 0x4228, 0x8450, 0xce7a, 0xffff, 0xffff, 0xffb8, 0xf66b, 0xf5c0, 0xfda0, 0x6200, 0x0042, 0x10a2, 0x1081,
	0x1081, 0x10a2, 0x18e3, 0x0861, 0x9492, 0xffff, 0xffff, 0xffff, 0xffff, 0xef7d, 0x6b4d, 0x0841, 0x18e3, 0x18c3, 0x18e3, 0x18c3,
	0x10c2, 0x2103, 0x2103, 0x18e3, 0x20e3, 0x2103, 0x2103, 0x2104, 0x2124, 0x2123, 0x2924, 0x2123, 0x1903, 0x10c3, 0x10c3, 0x2943,
	0x2923, 0x2103, 0x2103, 0x2103, 0x2103, 0x2103, 0x2103, 0x2103, 0x2103, 0x2103, 0x2103, 0x2103, 0x2103, 0x2103, 0x2103, 0x2103,
	0x2103, 0x2103, 0x2103, 0x2103, 0x2103, 0x2103, 0x2103, 0x2103, 0x2103, 0x2103, 0x2103, 0x2103, 0x39a6, 0x39a5, 0x39a6, 0x39a6,
	0x39a6, 0x39a6, 0x39a6, 0x39a5, 0x39a6, 0x39a6, 0x39a6, 0x39a6, 0x39a6, 0x39a6, 0x39a5, 0x39a6, 0x39a5, 0x39a5, 0x39a5, 0x39a5,
	0x39a5, 0x39a5, 0x3985, 0x39a5, 0x39a5, 0x39a5, 0x39a5, 0x39a5, 0x39a5, 0x39a5, 0x3985, 0x3985, 0x3985, 0x3185, 0x3185, 0x3185,
	0x3185, 0x3185, 0x3185, 0x3185, 0x3185, 0x3165, 0x3165, 0x3185, 0x3165, 0x3165, 0x3165, 0x3165, 0x3165, 0x3165, 0x2964, 0x2965,
	0x2944, 0x2944, 0x2944, 0x2944, 0x2965, 0x2964, 0x2944, 0x2944, 0x2944, 0x2944, 0x2964, 0x3165, 0x3185, 0x31a5, 0x2123, 0xa533,
	0xffff, 0xffff, 0xffdb, 0xfec3, 0xfe80, 0xfe80, 0xfec2, 0xde0c, 0xd6bb, 0xffff, 0xffff, 0xfffe, 0xf714, 0xee07, 0xf560, 0xfda0,
	0xfdc0, 0x6222, 0x0063, 0x10c2, 0x10a2, 0x10a1, 0x10a2, 0x18c2, 0x18e3, 0x0841, 0xa534, 0xffff, 0xe71c, 0xa514, 0x632c, 0x2144,
	0x0861, 0x18e3, 0x18e3, 0x18e3, 0x18e3, 0x20e3, 0x2103, 0x2103, 0x2103, 0x20e3, 0x2103, 0x2103, 0x2123, 0x2123, 0x2123, 0x18e3,
	0x18c3, 0x18c3, 0x2963, 0x5a64, 0x9be3, 0xe5c4, 0x5243, 0x10a3, 0x2103, 0x2103, 0x2103, 0x2103, 0x2103, 0x2103, 0x2103, 0x2103,
	0x2103, 0x2103, 0x2103, 0x2103, 0x2103, 0x2103, 0x2103, 0x2103, 0x2103, 0x2103, 0x2103, 0x2103, 0x2103, 0x2103, 0x2103, 0x2103,
	0x2103, 0x2103, 0x39a5, 0x39a6, 0x39a6, 0x39a6, 0x39a6, 0x39a6, 0x39a5, 0x39a5, 0x39a6, 0x39a6, 0x39a6, 0x39a6, 0x39a6, 0x39a6,
	0x39a6, 0x39a6, 0x39a5, 0x39a5, 0x39a5, 0x39a5, 0x39a5, 0x3985, 0x3985, 0x39a5, 0x3985, 0x3985, 0x39a5, 0x39a5, 0x39a5, 0x3985,
	0x3985, 0x3985, 0x3985, 0x3185, 0x3185, 0x3185, 0x3185, 0x3185, 0x3165, 0x3185, 0x3185, 0x3165, 0x3165, 0x3165, 0x3165, 0x3165,
	0x3165, 0x3165, 0x3165, 0x2964, 0x2964, 0x2964, 0x2965, 0x2965, 0x2965, 0x2944, 0x2103, 0x18c2, 0x2103, 0x2124, 0x2124, 0x2924,
	0x2944, 0x2964, 0x3185, 0x2123, 0x842f, 0xffff, 0xffff, 0xfffe, 0xf6e8, 0xfea0, 0xff04, 0xff4d, 0xffd6, 0xfffc, 0xfffb, 0xf735,
	0xee4b, 0xf5a3, 0xf580, 0xfd80, 0xfda0, 0xfde1, 0x6222, 0x0042, 0x10c2, 0x1083, 0x1081, 0x10a2, 0x18c3, 0x18c3, 0x18e3, 0x18a2,
	0x630b, 0x630c, 0x2104, 0x1082, 0x1082, 0x18c3, 0x2103, 0x18e3, 0x20e3, 0x20e3, 0x20e3, 0x2103, 0x2103, 0x2103, 0x2103, 0x2123,
	0x2123, 0x2103, 0x18c3, 0x1082, 0x18e3, 0x39a3, 0x7b44, 0xb4e3, 0xee03, 0xfea2, 0xfee1, 0xfe82, 0x49c3, 0x10a2, 0x20e3, 0x2103,
	0x2103, 0x2103, 0x2103, 0x2103, 0x2103, 0x2103, 0x2103, 0x2103, 0x2103, 0x2103, 0x2103, 0x2103, 0x2103, 0x2103, 0x2103, 0x2103,
	0x2103, 0x2103, 0x2103, 0x2103, 0x2103, 0x2103, 0x2103, 0x2103, 0x39a5, 0x39a6, 0x39a6, 0x39a6, 0x39a5, 0x39a6, 0x39a5, 0x39a5,
	0x39a6, 0x39a6, 0x39a6, 0x39a6, 0x39a6, 0x39a6, 0x39a6, 0x39a6, 0x39a5, 0x39a5, 0x39a5, 0x3985, 0x3985, 0x3185, 0x39a5, 0x3985,
	0x3985, 0x3985, 0x3985, 0x39a5, 0x3985, 0x39a5, 0x3185, 0x3985, 0x3185, 0x3185, 0x3185, 0x3185, 0x3165, 0x3165, 0x3165, 0x3165,
	0x3165, 0x3165, 0x3165, 0x2964, 0x2944, 0x2964, 0x2964, 0x2964, 0x2964, 0x2944, 0x2944, 0x2964, 0x2124, 0x18e3, 0x18e2, 0x2965,
	0x5aaa, 0x9492, 0x4208, 0x18e3, 0x2944, 0x2124, 0x2944, 0x2965, 0x2124, 0x630c, 0xffff, 0xffff, 0xffff, 0xf70d, 0xfea0, 0xfee3,
	0xff0b, 0xfeed, 0xfeaa, 0xfe24, 0xf5c1, 0xf560, 0xfd80, 0xfda0, 0xfda0, 0xfdc0, 0xfde1, 0x7262, 0x0062, 0x10c2, 0x1082, 0x10a2,
	0x10a2, 0x18e3, 0x18e3, 0x18e3, 0x20e3, 0x2103, 0x18a2, 0x1081, 0x18e3, 0x2124, 0x2104, 0x2103, 0x2103, 0x2103, 0x2103, 0x2103,
	0x2103, 0x2103, 0x2124, 0x2104, 0x18e3, 0x10a3, 0x10c3, 0x2943, 0x5a84, 0x9405, 0xcd84, 0xfec3, 0xff43, 0xfee2, 0xfe22, 0xccc2,
	0x8b42, 0x49e2, 0x18c2, 0x18c3, 0x18e3, 0x2103, 0x2103, 0x2103, 0x2104, 0x2103, 0x2103, 0x2103, 0x2103, 0x2103, 0x2103, 0x2103,
	0x2103, 0x2103, 0x2103, 0x2103, 0x2103, 0x2103, 0x2103, 0x2103, 0x2103, 0x2103, 0x2103, 0x2103, 0x2103, 0x2103, 0x39a5, 0x39a5,
	0x39a5, 0x39a5, 0x39a5, 0x39a5, 0x39a5, 0x39a6, 0x39a5, 0x39a5, 0x39a6, 0x39a6, 0x39a6, 0x39a6, 0x39a6, 0x39a6, 0x39a5, 0x39a5,
	0x39a5, 0x39a5, 0x3985, 0x3985, 0x3185, 0x3985, 0x3185, 0x3985, 0x3985, 0x3985, 0x3185, 0x3185, 0x3985, 0x3185, 0x3185, 0x3185,
	0x3165, 0x3165, 0x3165, 0x3165, 0x3165, 0x3165, 0x2964, 0x2944, 0x2964, 0x2964, 0x3165, 0x2964, 0x2944, 0x3164, 0x2924, 0x2124,
	0x2123, 0x2103, 0x39e7, 0x6b4d, 0xad54, 0xe71c, 0xffff, 0xffff, 0x4a8a, 0x18a2, 0x2924, 0x2944, 0x2965, 0x2123, 0x39e6, 0xef7d,
	0xffff, 0xffff, 0xf72f, 0xfe80, 0xfe80, 0xfe41, 0xfdc0, 0xf580, 0xf5a0, 0xfe67, 0xf687, 0xfda0, 0xfda0, 0xfda0, 0xfdc0, 0xfdc1,
	0x6242, 0x0842, 0x18c2, 0x10a2, 0x1082, 0x18a2, 0x18e3, 0x2103, 0x20e3, 0x20e3, 0x2103, 0x2103, 0x2103, 0x2104, 0x2104, 0x2103,
	0x2103, 0x2103, 0x2103, 0x2103, 0x2123, 0x2124, 0x2104, 0x18c3, 0x10a2, 0x18e3, 0x39e4, 0x7346, 0xad06, 0xe686, 0xff66, 0xffa4,
	0xff43, 0xe5e4, 0xac43, 0x72c2, 0x3163, 0x0882, 0x0042, 0x0063, 0x10a2, 0x18c2, 0x18e3, 0x2104, 0x2104, 0x2103, 0x2104, 0x2103,
	0x2103, 0x2103, 0x2103, 0x2103, 0x2103, 0x2103, 0x2103, 0x2103, 0x2103, 0x2103, 0x2103, 0x2103, 0x2103, 0x2103, 0x2103, 0x2103,
	0x2103, 0x2103, 0x2103, 0x2103, 0x39a5, 0x39a5, 0x3985, 0x39a5, 0x39a5, 0x39a6, 0x39a5, 0x39a5, 0x39a5, 0x39a5, 0x39a6, 0x39a6,
	0x39a6, 0x39a6, 0x39a6, 0x39a6, 0x39a5, 0x39a5, 0x3985, 0x3985, 0x3985, 0x3985, 0x3985, 0x3985, 0x3185, 0x3185, 0x3985, 0x3185,
	0x3985, 0x3185, 0x3985, 0x3185, 0x3185, 0x3165, 0x3165, 0x3165, 0x3165, 0x3165, 0x2964, 0x2964, 0x2944, 0x2944, 0x2965, 0x2964,
	0x2964, 0x2964, 0x2944, 0x18c2, 0x2103, 0x18a2, 0x39c7, 0xc638, 0xffdf, 0xffff, 0xffff, 0xffff, 0xffff, 0xd69a, 0x3186, 0x18c2,
	0x2124, 0x2944, 0x2944, 0x2944, 0xce78, 0xffff, 0xffff, 0xf70e, 0xfe60, 0xfee0, 0xfee0, 0xfe20, 0xeda2, 0xff0e, 0xffd9, 0xfff8,
	0xfe65, 0xfdc0, 0xfda0, 0xfdc0, 0xfda1, 0x5a02, 0x0843, 0x18c2, 0x18c3, 0x10a2, 0x1082, 0x18c2, 0x2103, 0x2103, 0x2103, 0x2104,
	0x2103, 0x2103, 0x2103, 0x2103, 0x2123, 0x2104, 0x2124, 0x2124, 0x2124, 0x2104, 0x18a3, 0x18a3, 0x2923, 0x4a64, 0x8407, 0xcdca,
	0xff48, 0xffe8, 0xffc7, 0xff05, 0xd5a4, 0x93e3, 0x5202, 0x18c2, 0x0041, 0x0042, 0x0862, 0x10a2, 0x18c2, 0x18c3, 0x18e3, 0x2103,
	0x2104, 0x2104, 0x2104, 0x2104, 0x2103, 0x2103, 0x2103, 0x2103, 0x2103, 0x2103, 0x2103, 0x2103, 0x2103, 0x2103, 0x2103, 0x2103,
	0x2103, 0x2103, 0x2103, 0x2103, 0x2103, 0x2103, 0x2103, 0x2103, 0x2103, 0x2103, 0x3985, 0x39a5, 0x39a5, 0x39a5, 0x39a5, 0x39a5,
	0x39a5, 0x39a5, 0x3985, 0x39a5, 0x39a5, 0x39a5, 0x39a5, 0x39a5, 0x39a5, 0x39a5, 0x39a5, 0x3985, 0x3185, 0x3185, 0x3985, 0x3185,
	0x3185, 0x3185, 0x3185, 0x3185, 0x3185, 0x3985, 0x3185, 0x3185, 0x3985, 0x3185, 0x3185, 0x3165, 0x3165, 0x3165, 0x3165, 0x2964,
	0x2944, 0x2964, 0x2944, 0x2944, 0x2123, 0x2944, 0x2944, 0x2103, 0x2924, 0x8c71, 0xc638, 0x1082, 0x4228, 0xffff, 0xe73c, 0xbdf7,
	0xffff, 0xc659, 0x2966, 0x1082, 0x18a2, 0x2103, 0x2124, 0x2124, 0x2944, 0xc616, 0xffff, 0xffde, 0xff4c, 0xff00, 0xff01, 0xee22,
	0xa442, 0x4181, 0xad53, 0xffff, 0xffff, 0xf6ca, 0xfda0, 0xfdc0, 0xfde0, 0xfda1, 0x5a02, 0x0042, 0x10c2, 0x08a2, 0x08a2, 0x10a1,
	0x18c2, 0x2103, 0x2103, 0x2104, 0x2103, 0x2103, 0x2124, 0x2103, 0x2103, 0x2124, 0x2124, 0x2124, 0x18c3, 0x10a3, 0x18c3, 0x3184,
	0x6307, 0xa4e9, 0xdeab, 0xffcc, 0xffec, 0xffea, 0xf6c8, 0xb4e5, 0x62c3, 0x3162, 0x1082, 0x0022, 0x0042, 0x0882, 0x10a2, 0x18c2,
	0x18c3, 0x18e3, 0x2104, 0x2124, 0x2104, 0x2124, 0x2104, 0x2104, 0x2104, 0x2104, 0x2103, 0x2103, 0x2103, 0x2103, 0x2103, 0x2103,
	0x2103, 0x2103, 0x2103, 0x2103, 0x2103, 0x2103, 0x2103, 0x2103, 0x2103, 0x2103, 0x2103, 0x2103, 0x2103, 0x2103, 0x2103, 0x2103,
	0x3985, 0x3985, 0x39a5, 0x3985, 0x39a5, 0x3985, 0x39a5, 0x39a5, 0x39a5, 0x39a5, 0x3985, 0x3985, 0x3985, 0x39a5, 0x39a5, 0x3985,
	0x3185, 0x3985, 0x3185, 0x3185, 0x3185, 0x3185, 0x3185, 0x3185, 0x3185, 0x3185, 0x3185, 0x3185, 0x3185, 0x3185, 0x3185, 0x3185,
	0x3165, 0x2964, 0x2964, 0x3165, 0x3185, 0x3165, 0x2944, 0x2944, 0x2124, 0x3185, 0x39c6, 0x18c2, 0x2104, 0x1082, 0x2104, 0xffff,
	0xf79e, 0x10a2, 0x18e3, 0x4a69, 0x08a2, 0x39e8, 0xffff, 0xa534, 0x0000, 0x18c3, 0x18e3, 0x2103, 0x2103, 0x18e3, 0xbdd6, 0xffff,
	0xfffd, 0xff0b, 0xd561, 0x9c02, 0x5a43, 0x2103, 0x0001, 0x3a29, 0xffff, 0xffff, 0xff95, 0xfde0, 0xfdc0, 0xfdc0, 0xfdc1, 0x6202,
	0x0042, 0x10a2, 0x1082, 0x08a2, 0x0881, 0x18c2, 0x2103, 0x2103, 0x2103, 0x2103, 0x2123, 0x2124, 0x2944, 0x2924, 0x2103, 0x18c3,
	0x10a3, 0x2103, 0x4a45, 0x83e9, 0xbdac, 0xef6f, 0xfff0, 0xffef, 0xffed, 0xe68a, 0xa486, 0x62a4, 0x2922, 0x0042, 0x0022, 0x0041,
	0x1082, 0x10c2, 0x18c3, 0x18c3, 0x18e3, 0x2104, 0x2124, 0x2104, 0x18c3, 0x1082, 0x18e3, 0x2103, 0x2104, 0x2104, 0x2104, 0x2104,
	0x2104, 0x2103, 0x2103, 0x2103, 0x2103, 0x20e3, 0x2103, 0x2103, 0x2103, 0x2103, 0x2103, 0x2103, 0x2103, 0x2103, 0x2103, 0x2103,
	0x2103, 0x2103, 0x2103, 0x2103, 0x2103, 0x2103, 0x3985, 0x3985, 0x3985, 0x3985, 0x3985, 0x3985, 0x3985, 0x3985, 0x39a5, 0x3985,
	0x3985, 0x3185, 0x3185, 0x3185, 0x3185, 0x3985, 0x3985, 0x3985, 0x3185, 0x3185, 0x3185, 0x3185, 0x3185, 0x3185, 0x3185, 0x3185,
	0x3185, 0x3185, 0x3185, 0x3185, 0x3185, 0x3185, 0x3185, 0x3165, 0x2924, 0x20e3, 0x18c2, 0x20e3, 0x2944, 0x2124, 0x1082, 0xad55,
	0xffff, 0x9492, 0x1082, 0x1082, 0x2104, 0xf7be, 0xe73c, 0x18e3, 0x0861, 0x0040, 0x0042, 0x52ac, 0xffff, 0xa534, 0x0841, 0x18e3,
	0x18e3, 0x2103, 0x18e3, 0xbdf7, 0xffff, 0xd698, 0x8be8, 0x49e1, 0x10a3, 0x0022, 0x0042, 0x0883, 0x10a2, 0xd6ba, 0xffff, 0xfffe,
	0xf646, 0xfda0, 0xfde0, 0xfdc1, 0x5a01, 0x0822, 0x10a3, 0x08a3, 0x10a3, 0x0881, 0x10c2, 0x2103, 0x2103, 0x2103, 0x2924, 0x2944,
	0x2124, 0x2104, 0x18c2, 0x18c2, 0x3184, 0x5ae8, 0x94ac, 0xd6b0, 0xfff2, 0xfff0, 0xfff0, 0xff8d, 0xc5ca, 0x83e7, 0x4a24, 0x18a2,
	0x0021, 0x0021, 0x0862, 0x10a2, 0x10a2, 0x10c2, 0x18c3, 0x20e4, 0x2124, 0x2124, 0x18e3, 0x10a2, 0x1082, 0x1903, 0x528a, 0x840f,
	0x2944, 0x18e3, 0x2104, 0x2104, 0x2104, 0x2103, 0x2103, 0x2103, 0x2103, 0x2103, 0x2103, 0x20e3, 0x2103, 0x2103, 0x2103, 0x2103,
	0x2103, 0x2103, 0x2103, 0x2103, 0x2103, 0x2103, 0x2103, 0x2103, 0x2103, 0x2103, 0x2103, 0x2103, 0x3985, 0x3985, 0x3985, 0x3185,
	0x3185, 0x3985, 0x3985, 0x3985, 0x3985, 0x3985, 0x3185, 0x3185, 0x3185, 0x3185, 0x3185, 0x3985, 0x3985, 0x3985, 0x3185, 0x3185,
	0x3185, 0x3185, 0x3185, 0x3185, 0x3185, 0x3185, 0x3185, 0x3185, 0x3185, 0x3185, 0x3185, 0x3185, 0x2103, 0x20e3, 0x3165, 0x528a,
	0x738e, 0x52ab, 0x10a3, 0x18e3, 0x0021, 0xad75, 0xffff, 0xffff, 0x9cd3, 0x0020, 0x2986, 0xffff, 0xe73d, 0x18e4, 0x0881, 0x18e3,
	0x0882, 0x5aec, 0xffff, 0x9cf4, 0x0841, 0x1903, 0x2103, 0x18c2, 0x73ae, 0xad75, 0x4228, 0x1081, 0x0021, 0x0862, 0x10a2, 0x10a2,
	0x10c3, 0x0021, 0x73cf, 0xffff, 0xffff, 0xf711, 0xf5a0, 0xfe00, 0xfde1, 0x59e1, 0x0842, 0x18c3, 0x10a3, 0x10a2, 0x0882, 0x10c2,
	0x2104, 0x2124, 0x2124, 0x2103, 0x18c3, 0x18a2, 0x2103, 0x39e6, 0x736b, 0xb591, 0xef74, 0xfff5, 0xfff4, 0xfff1, 0xef0d, 0xb56a,
	0x6b26, 0x2942, 0x0821, 0x0000, 0x0021, 0x0862, 0x10a2, 0x10c2, 0x18c3, 0x18e3, 0x2104, 0x2124, 0x2124, 0x18c3, 0x1082, 0x10a3,
	0x2986, 0x5aeb, 0x9cd2, 0xd6ba, 0xffff, 0xee2d, 0x2921, 0x10c3, 0x2103, 0x2104, 0x2104, 0x2104, 0x2103, 0x2103, 0x2103, 0x20e3,
	0x20e3, 0x2103, 0x2103, 0x2103, 0x20e3, 0x2103, 0x2103, 0x2103, 0x2103, 0x2103, 0x2103, 0x2103, 0x2103, 0x2103, 0x2103, 0x2103,
	0x2103, 0x20e3, 0x3985, 0x3985, 0x3985, 0x3985, 0x3185, 0x3185, 0x3185, 0x39a5, 0x3185, 0x3985, 0x3185, 0x3185, 0x3185, 0x3185,
	0x3185, 0x3185, 0x3985, 0x3985, 0x3185, 0x3185, 0x3185, 0x3185, 0x3185, 0x3165, 0x3185, 0x3185, 0x3185, 0x3185, 0x3165, 0x3165,
	0x3165, 0x3185, 0x73ae, 0xb596, 0xe73c, 0xffff, 0xffff, 0xffff, 0x8c72, 0x0862, 0x0020, 0x9d13, 0xffff, 0xffdf, 0xffff, 0x7bcf,
	0x10a3, 0xffff, 0xe73d, 0x18e4, 0x0881, 0x18e3, 0x0862, 0x636d, 0xffff, 0x9cf4, 0x0861, 0x18e3, 0x18e3, 0x2103, 0x2124, 0x0020,
	0x0021, 0x1083, 0x10a3, 0x10a3, 0x10a2, 0x10a3, 0x0862, 0x2965, 0xf77d, 0xffff, 0xff97, 0xf5c0, 0xfe00, 0xfde1, 0x51e1, 0x0822,
	0x18c2, 0x08a3, 0x10a3, 0x0882, 0x10c2, 0x2124, 0x20e3, 0x10a2, 0x18c2, 0x3165, 0x5ac9, 0x9cb0, 0xce75, 0xffd8, 0xfffa, 0xfff9,
	0xfff4, 0xce2e, 0x83e8, 0x41e4, 0x18e2, 0x0021, 0x0001, 0x0841, 0x1082, 0x10a2, 0x18c2, 0x18e2, 0x18e3, 0x2104, 0x2124, 0x1904,
	0x10c3, 0x10a2, 0x18e3, 0x4208, 0x8430, 0xbe17, 0xef7d, 0xffff, 0xffff, 0xffff, 0xee6c, 0xed00, 0x3942, 0x0882, 0x18c2, 0x2103,
	0x2103, 0x2103, 0x2104, 0x2103, 0x2103, 0x20e3, 0x2103, 0x2103, 0x2103, 0x2103, 0x2103, 0x2103, 0x2103, 0x2103, 0x2103, 0x2103,
	0x2103, 0x2103, 0x2103, 0x2103, 0x2103, 0x20e3, 0x20e3, 0x20e3, 0x3185, 0x3185, 0x3185, 0x3185, 0x3185, 0x3185, 0x3185, 0x3185,
	0x3185, 0x3985, 0x3185, 0x3185, 0x3185, 0x3185, 0x3185, 0x3185, 0x3185, 0x3185, 0x3185, 0x3185, 0x3185, 0x3185, 0x3185, 0x3165,
	0x3165, 0x3185, 0x3185, 0x3185, 0x3165, 0x3165, 0x3165, 0x31a6, 0xf79e, 0xffff, 0xffff, 0xdedb, 0xb5b6, 0xf7be, 0xffff, 0x31c7,
	0x0000, 0x9cf3, 0xffff, 0xef9e, 0xffff, 0xf7be, 0x6b6e, 0xef9e, 0xef7d, 0x1904, 0x1082, 0x18e3, 0x0861, 0x6b8d, 0xffff, 0x9cf3,
	0x0841, 0x18e3, 0x18e3, 0x20e3, 0x18c3, 0x18c3, 0x10c3, 0x1083, 0x1083, 0x0883, 0x1082, 0x10a2, 0x0881, 0xb5b5, 0xffff, 0xffdb,
	0xf644, 0xfe20, 0xf5c2, 0x49a2, 0x0042, 0x18a3, 0x1083, 0x08a2, 0x10a2, 0x18c2, 0x2104, 0x2103, 0x4206, 0x73cc, 0xb5b3, 0xef39,
	0xfffd, 0xfffd, 0xfffa, 0xef75, 0xad6e, 0x6b48, 0x3183, 0x0841, 0x0000, 0x0021, 0x0861, 0x10a2, 0x10a2, 0x10c2, 0x18e3, 0x2104,
	0x2124, 0x2104, 0x18c3, 0x0882, 0x0882, 0x2124, 0x4a8a, 0x8c92, 0xce59, 0xffdf, 0xffff, 0xffff, 0xffff, 0xffff, 0xf779, 0xee4b,
	0xfd80, 0xfd81, 0x3122, 0x1082, 0x18c2, 0x18e3, 0x2104, 0x2103, 0x2103, 0x2103, 0x2103, 0x2103, 0x2104, 0x20e4, 0x2103, 0x2103,
	0x2103, 0x2103, 0x2103, 0x2103, 0x2103, 0x2103, 0x2103, 0x2103, 0x20e3, 0x20e3, 0x2103, 0x2103, 0x2103, 0x20e3, 0x3165, 0x3165,
	0x3185, 0x3185, 0x3185, 0x3185, 0x3185, 0x3185, 0x3185, 0x3185, 0x3185, 0x3185, 0x3185, 0x3185, 0x3185, 0x3185, 0x3185, 0x3185,
	0x3165, 0x3165, 0x3185, 0x3185, 0x3185, 0x3165, 0x3165, 0x3165, 0x3185, 0x3165, 0x3165, 0x3165, 0x3165, 0x3185, 0xe71c, 0xef7e,
	0x31c7, 0x10a2, 0x0000, 0xbdf7, 0xffff, 0x4a6a, 0x0000, 0x9cd3, 0xffff, 0x4a89, 0xd69a, 0xffff, 0xffff, 0xffff, 0xef7d, 0x2125,
	0x1081, 0x18e3, 0x0861, 0x73ae, 0xffff, 0xa554, 0x0841, 0x2103, 0x20e3, 0x2103, 0x2104, 0x18e3, 0x18c2, 0x10a2, 0x10a3, 0x18c3,
	0x1903, 0x10a2, 0x6b4c, 0xffff, 0xffff, 0xf6cb, 0xfe40, 0xedc2, 0x4182, 0x0842, 0x18c3, 0x1883, 0x1082, 0x1082, 0x18c2, 0x18e3,
	0x3184, 0xbdf4, 0xfffe, 0xffff, 0xffff, 0xfffb, 0xd675, 0x9cce, 0x5ac8, 0x2103, 0x0020, 0x0000, 0x0841, 0x10a1, 0x10a2, 0x10a2,
	0x10a2, 0x18c3, 0x18e4, 0x2124, 0x2104, 0x18c3, 0x1082, 0x18c3, 0x39e7, 0x6bae, 0xa555, 0xe71c, 0xffff, 0xffff, 0xffff, 0xffff,
	0xf7dd, 0xf778, 0xf6f1, 0xee28, 0xf5a1, 0xfda0, 0xfde0, 0xf581, 0x3102, 0x0882, 0x18a2, 0x18c3, 0x2124, 0x2103, 0x2103, 0x2103,
	0x2103, 0x2103, 0x2103, 0x2103, 0x2103, 0x2103, 0x2103, 0x2103, 0x20e3, 0x2103, 0x2103, 0x20e3, 0x2103, 0x2103, 0x2103, 0x2103,
	0x2103, 0x2103, 0x2103, 0x2103, 0x3185, 0x3185, 0x3185, 0x3185, 0x3185, 0x3185, 0x3185, 0x3185, 0x3985, 0x3985, 0x39a5, 0x3185,
	0x3185, 0x3185, 0x3185, 0x3185, 0x3185, 0x3185, 0x3165, 0x3165, 0x3185, 0x3185, 0x3185, 0x3185, 0x3165, 0x3185, 0x3165, 0x3165,
	0x3165, 0x3165, 0x3165, 0x3185, 0xe75d, 0xdf1c, 0x0000, 0x0000, 0x2966, 0xdefc, 0xffff, 0x2125, 0x0000, 0x94b2, 0xffff, 0x39e7,
	0x0881, 0xd6ba, 0xffff, 0xffff, 0xef7d, 0x2965, 0x10a2, 0x18e3, 0x1081, 0x73ae, 0xc618, 0x4a89, 0x18a2, 0x2103, 0x2103, 0x2103,
	0x2104, 0x2124, 0x2103, 0x2103, 0x2103, 0x2104, 0x18e3, 0x3186, 0xef5c, 0xffff, 0xf755, 0xfe40, 0xede2, 0x3962, 0x0842, 0x18c2,
	0x10a2, 0x10a2, 0x1082, 0x18c2, 0x2104, 0x2944, 0xce97, 0xffff, 0xef5c, 0xad74, 0x6b4b, 0x2964, 0x0861, 0x0000, 0x0000, 0x0861,
	0x10a2, 0x10a2, 0x10a2, 0x18c2, 0x18e3, 0x2124, 0x2104, 0x18e3, 0x10a2, 0x0882, 0x18e3, 0x4228, 0x8430, 0xce79, 0xffde, 0xffff,
	0xffff, 0xffff, 0xffff, 0xffff, 0xf755, 0xf66b, 0xf5e5, 0xf5e0, 0xfde0, 0xfde0, 0xfe00, 0xfdc0, 0xfdc0, 0xf561, 0x28e2, 0x0883,
	0x1882, 0x18c2, 0x2924, 0x2103, 0x2103, 0x2103, 0x2103, 0x2103, 0x2103, 0x2104, 0x2103, 0x2103, 0x2103, 0x2103, 0x2103, 0x2103,
	0x2103, 0x2103, 0x2103, 0x2103, 0x2103, 0x2103, 0x2103, 0x2103, 0x2103, 0x2103, 0x3185, 0x3185, 0x3185, 0x3185, 0x3185, 0x3185,
	0x3185, 0x3985, 0x3985, 0x3985, 0x3985, 0x3185, 0x3185, 0x3185, 0x3165, 0x3165, 0x3165, 0x3165, 0x3185, 0x3185, 0x3185, 0x3185,
	0x3185, 0x3185, 0x3185, 0x3185, 0x3165, 0x3165, 0x3165, 0x3165, 0x3165, 0x3165, 0xe73c, 0xe73c, 0x6b8e, 0xb5d7, 0xffff, 0xffff,
	0x73ce, 0x0040, 0x0000, 0x8c92, 0xffff, 0x4a8a, 0x0000, 0x18c3, 0xd6ba, 0xffff, 0xf79e, 0x2124, 0x10a2, 0x18e3, 0x2103, 0x2144,
	0x10c2, 0x18c3, 0x2104, 0x2103, 0x2124, 0x2124, 0x2104, 0x2104, 0x2104, 0x2104, 0x2104, 0x2124, 0x10a2, 0xa554, 0xffff, 0xf7bc,
	0xfe64, 0xf5e0, 0x4182, 0x0842, 0x10c2, 0x1082, 0x10a2, 0x1081, 0x18c2, 0x2103, 0x18e3, 0x842f, 0xa512, 0x4a48, 0x1903, 0x0020,
	0x0000, 0x0041, 0x1081, 0x10a2, 0x10a2, 0x10c2, 0x18c2, 0x20e3, 0x2103, 0x18e3, 0x10a3, 0x1082, 0x10a2, 0x2985, 0x5b0c, 0x9cf3,
	0xd6ba, 0xffff, 0xffff, 0xffff, 0xffff, 0xffff, 0xf7bd, 0xf799, 0xf732, 0xf6a7, 0xfe20, 0xfde0, 0xfe00, 0xfe20, 0xfe00, 0xfde0,
	0xfdc0, 0xfda0, 0xfda0, 0xf561, 0x28e2, 0x0882, 0x10a2, 0x18c2, 0x2124, 0x2103, 0x2103, 0x2103, 0x2103, 0x20e4, 0x2103, 0x2104,
	0x2103, 0x2103, 0x2103, 0x2103, 0x2103, 0x2103, 0x2103, 0x2103, 0x2103, 0x2103, 0x2103, 0x2103, 0x2103, 0x2103, 0x2103, 0x2103,
	0x3185, 0x3185, 0x3185, 0x3185, 0x3185, 0x3185, 0x3185, 0x3185, 0x3985, 0x3985, 0x3185, 0x3185, 0x3185, 0x3165, 0x3165, 0x3165,
	0x3165, 0x3185, 0x3185, 0x3185, 0x3185, 0x3185, 0x3185, 0x3185, 0x3185, 0x3165, 0x3165, 0x3165, 0x3165, 0x3165, 0x3165, 0x3165,
	0xdefb, 0xffff, 0xffff, 0xffff, 0xe73c, 0x5aeb, 0x0020, 0x10c2, 0x0000, 0x8430, 0xffff, 0x4a69, 0x0861, 0x0041, 0x2124, 0xce79,
	0xb596, 0x18e3, 0x2103, 0x2103, 0x2123, 0x2124, 0x2944, 0x2944, 0x2124, 0x2124, 0x2124, 0x2124, 0x2124, 0x2124, 0x2104, 0x2104,
	0x2124, 0x10c2, 0x5aeb, 0xffff, 0xffff, 0xfeeb, 0xfde0, 0x49c2, 0x0842, 0x10c2, 0x1082, 0x08a2, 0x1081, 0x18a2, 0x20e3, 0x2103,
	0x18e3, 0x18e3, 0x0020, 0x0841, 0x0882, 0x10a3, 0x10c2, 0x10a2, 0x18c2, 0x18e3, 0x2104, 0x2104, 0x2103, 0x2104, 0x18e3, 0x18e3,
	0x4a49, 0x8431, 0xbdf8, 0xef7d, 0xffff, 0xffff, 0xffff, 0xffff, 0xffde, 0xf777, 0xf731, 0xeea9, 0xee44, 0xf621, 0xfe20, 0xfe40,
	0xfe60, 0xfe40, 0xfe20, 0xfe00, 0xfde0, 0xfdc0, 0xfda0, 0xfdc0, 0xfe00, 0xfdc2, 0x2902, 0x0882, 0x10a1, 0x10c2, 0x2124, 0x2103,
	0x2103, 0x2103, 0x2103, 0x2104, 0x2103, 0x2103, 0x2103, 0x2103, 0x2103, 0x2103, 0x2103, 0x2103, 0x2103, 0x2103, 0x2103, 0x2103,
	0x2103, 0x2103, 0x2103, 0x2103, 0x2103, 0x2103, 0x3185, 0x3185, 0x3185, 0x3185, 0x3185, 0x3185, 0x3185, 0x3185, 0x3185, 0x3185,
	0x3185, 0x3185, 0x3165, 0x3165, 0x3165, 0x3165, 0x3165, 0x3185, 0x3185, 0x3185, 0x3185, 0x3165, 0x3165, 0x3165, 0x3185, 0x3165,
	0x3165, 0x3165, 0x3165, 0x3165, 0x3164, 0x2944, 0xd6ba, 0xffff, 0x94b2, 0x4a89, 0x10a2, 0x0000, 0x10a2, 0x18c2, 0x0020, 0x8c51,
	0xffff, 0x3a07, 0x0861, 0x18c3, 0x10a2, 0x10a2, 0x2103, 0x2103, 0x2124, 0x2124, 0x2124, 0x2124, 0x2924, 0x2944, 0x2944, 0x2924,
	0x2124, 0x2124, 0x2124, 0x2104, 0x2104, 0x2104, 0x2103, 0x2124, 0xd6da, 0xffff, 0xff73, 0xfe21, 0x5a02, 0x0042, 0x18c3, 0x0882,
	0x08a2, 0x0881, 0x10a2, 0x20e3, 0x2103, 0x20e3, 0x18e3, 0x18e3, 0x2103, 0x1903, 0x18e3, 0x1903, 0x2124, 0x2124, 0x2104, 0x18c2,
	0x1061, 0x1905, 0x2125, 0x10c2, 0x2944, 0xce59, 0xffff, 0xffff, 0xffff, 0xffff, 0xffff, 0xffff, 0xf79a, 0xf730, 0xf6a6, 0xfe81,
	0xfea0, 0xfec1, 0xfea1, 0xfe60, 0xfe61, 0xfe60, 0xfe40, 0xfe00, 0xfde0, 0xfde0, 0xfe00, 0xfe00, 0xfde0, 0xf561, 0xb402, 0x6242,
	0x18a2, 0x1083, 0x1081, 0x18c2, 0x2924, 0x2103, 0x2103, 0x2103, 0x2103, 0x2103, 0x2103, 0x2103, 0x2103, 0x2103, 0x2103, 0x2103,
	0x2103, 0x2103, 0x2103, 0x2103, 0x2103, 0x2103, 0x20e3, 0x20e3, 0x2103, 0x2103, 0x20e3, 0x20e3, 0x3185, 0x3185, 0x3185, 0x3165,
	0x3165, 0x3165, 0x3185, 0x3185, 0x3185, 0x3165, 0x3185, 0x3185, 0x3165, 0x3165, 0x3165, 0x3165, 0x3165, 0x3165, 0x3165, 0x3185,
	0x3165, 0x3185, 0x3185, 0x3165, 0x3165, 0x3165, 0x3165, 0x3165, 0x3165, 0x2964, 0x2964, 0x2944, 0xd69a, 0xffff, 0x1904, 0x0000,
	0x1082, 0x10a3, 0x10a3, 0x18e3, 0x10a2, 0x4a69, 0x4a69, 0x18c2, 0x18e3, 0x18e3, 0x2103, 0x2124, 0x2124, 0x2124, 0x2124, 0x2124,
	0x2124, 0x2924, 0x2944, 0x2944, 0x2964, 0x2944, 0x2124, 0x2124, 0x2104, 0x2104, 0x2104, 0x2944, 0x10a2, 0x8430, 0xffff, 0xffd9,
	0xfe44, 0x6241, 0x0042, 0x18a3, 0x10a2, 0x0882, 0x0881, 0x10a2, 0x2103, 0x20e3, 0x2103, 0x2103, 0x20e3, 0x20e3, 0x2103, 0x2104,
	0x2124, 0x2104, 0x10a2, 0x0882, 0x18e3, 0x4228, 0x8452, 0xd677, 0x5246, 0x0862, 0x2124, 0xef7d, 0xffff, 0xffdf, 0xffdf, 0xffff,
	0xfffb, 0xf70d, 0xf663, 0xfea0, 0xfec1, 0xff03, 0xff23, 0xff04, 0xfe81, 0xfe60, 0xfe40, 0xfe40, 0xfe20, 0xfe20, 0xfe20, 0xfe01,
	0xe521, 0xabc2, 0x6a62, 0x2902, 0x0042, 0x0042, 0x08a2, 0x10a3, 0x0882, 0x18c2, 0x2924, 0x2924, 0x2103, 0x2103, 0x2103, 0x2103,
	0x2103, 0x2103, 0x2103, 0x2103, 0x2103, 0x2103, 0x2103, 0x2103, 0x2103, 0x2103, 0x2103, 0x2103, 0x2103, 0x2103, 0x2103, 0x2103,
	0x2103, 0x2103, 0x3185, 0x3185, 0x3185, 0x3165, 0x3165, 0x3165, 0x3185, 0x3165, 0x3165, 0x3165, 0x3165, 0x3165, 0x3165, 0x3165,
	0x3165, 0x3165, 0x3165, 0x3165, 0x3185, 0x3165, 0x3165, 0x3185, 0x3165, 0x3165, 0x3165, 0x3165, 0x2964, 0x3165, 0x3165, 0x3165,
	0x3165, 0x2944, 0xe71c, 0xffff, 0x3a08, 0x1082, 0x18c3, 0x18c3, 0x18e3, 0x18e3, 0x2103, 0x18e3, 0x18c3, 0x2124, 0x2104, 0x2104,
	0x2104, 0x2924, 0x2924, 0x2924, 0x2944, 0x2944, 0x2964, 0x2964, 0x2965, 0x2964, 0x2103, 0x18e3, 0x2124, 0x18e3, 0x18e3, 0x2104,
	0x2124, 0x2103, 0x31c6, 0xef7d, 0xffff, 0xfeea, 0x6a61, 0x0002, 0x10c1, 0x10a2, 0x1082, 0x0881, 0x10a2, 0x2103, 0x2103, 0x20e3,
	0x2103, 0x2103, 0x20e3, 0x20e3, 0x2103, 0x2104, 0x18c2, 0x2124, 0x5aeb, 0x9cf3, 0xd6ba, 0xffff, 0xffff, 0xfec9, 0x5201, 0x0863,
	0x2103, 0xe71b, 0xffff, 0xffff, 0xffff, 0xffd6, 0xfee5, 0xfea0, 0xfec3, 0xfee3, 0xff03, 0xff03, 0xff44, 0xff26, 0xfe41, 0xfe20,
	0xfe20, 0xfe00, 0xed81, 0xc461, 0x8b42, 0x51e2, 0x18c1, 0x0042, 0x0042, 0x0882, 0x10a3, 0x10a3, 0x1083, 0x0883, 0x0882, 0x18c2,
	0x2924, 0x2924, 0x2104, 0x2103, 0x2103, 0x2103, 0x20e3, 0x2103, 0x2103, 0x2103, 0x2103, 0x2103, 0x2103, 0x2103, 0x2103, 0x2103,
	0x2103, 0x2103, 0x2103, 0x2103, 0x2103, 0x2103, 0x2103, 0x2103, 0x3185, 0x3185, 0x3185, 0x3185, 0x3185, 0x3165, 0x3165, 0x3165,
	0x3165, 0x3165, 0x3165, 0x3165, 0x3165, 0x3185, 0x3165, 0x3165, 0x3165, 0x3165, 0x3165, 0x3165, 0x3165, 0x3165, 0x3165, 0x3165,
	0x3165, 0x3165, 0x3165, 0x2944, 0x2944, 0x2964, 0x2944, 0x2944, 0xad95, 0x8451, 0x2104, 0x18e3, 0x20e3, 0x18e3, 0x2103, 0x2104,
	0x2104, 0x2124, 0x2924, 0x2124, 0x2124, 0x2124, 0x2924, 0x2944, 0x2944, 0x2944, 0x3165, 0x2965, 0x2144, 0x1903, 0x18e3, 0x2964,
	0x5ac9, 0x94af, 0x2944, 0x1082, 0x18e4, 0x2124, 0x2945, 0x18e3, 0xa514, 0xffff, 0xff51, 0x6281, 0x0022, 0x10a2, 0x10a1, 0x08a1,
	0x0881, 0x10a2, 0x2103, 0x2103, 0x20e3, 0x2103, 0x2103, 0x20e3, 0x20e3, 0x2103, 0x2103, 0x10a2, 0x73ae, 0xef7d, 0xffff, 0xffff,
	0xffff, 0xffff, 0xeeaa, 0xfe40, 0x6262, 0x0042, 0x2103, 0xe73c, 0xffff, 0xffff, 0xfffd, 0xff05, 0xfea2, 0xfee3, 0xfec3, 0xfec3,
	0xfee3, 0xff23, 0xff8a, 0xff4c, 0xfe20, 0xfe00, 0xfde0, 0xfe40, 0x8ae2, 0x0002, 0x0042, 0x0042, 0x0882, 0x10a2, 0x10a3, 0x10a3,
	0x1083, 0x1083, 0x1082, 0x10a3, 0x18a2, 0x18e3, 0x2124, 0x2904, 0x2103, 0x2103, 0x2103, 0x2103, 0x20e3, 0x2103, 0x2103, 0x2103,
	0x2103, 0x2103, 0x2103, 0x2103, 0x2103, 0x2103, 0x2103, 0x2103, 0x2103, 0x2103, 0x2103, 0x2103, 0x2103, 0x20e3, 0x3185, 0x3185,
	0x3185, 0x3165, 0x3185, 0x3165, 0x3164, 0x3165, 0x3165, 0x3165, 0x3165, 0x3165, 0x3165, 0x3165, 0x3165, 0x3165, 0x3165, 0x3165,
	0x3165, 0x3165, 0x3165, 0x3165, 0x2964, 0x2964, 0x2964, 0x2964, 0x2964, 0x2944, 0x2944, 0x2964, 0x2944, 0x2944, 0x2104, 0x18c3,
	0x2104, 0x2104, 0x2104, 0x2124, 0x2124, 0x2124, 0x2124, 0x2924, 0x2924, 0x2924, 0x2944, 0x2944, 0x2944, 0x2964, 0x2944, 0x2103,
	0x18e2, 0x2124, 0x4227, 0x738c, 0xa533, 0xded9, 0xffff, 0x948e, 0x0020, 0x10a3, 0x18e3, 0x2945, 0x2103, 0x4a69, 0xffff, 0xfffb,
	0x62c4, 0x0021, 0x10a2, 0x1082, 0x08a2, 0x0882, 0x10a2, 0x2103, 0x2103, 0x20e3, 0x20e3, 0x2103, 0x18e3, 0x20e3, 0x20e3, 0x20e3,
	0x2103, 0x0861, 0xa534, 0xffff, 0xffdf, 0xffff, 0xffdc, 0xf6ea, 0xfe20, 0xfe81, 0x6282, 0x0022, 0x2124, 0xef5c, 0xffff, 0xffff,
	0xff6f, 0xfea0, 0xfea3, 0xfec2, 0xfee2, 0xff43, 0xff83, 0xff88, 0xfff6, 0xff75, 0xfe20, 0xfe00, 0xfda0, 0xfe00, 0x7aa2, 0x0042,
	0x10c3, 0x18a2, 0x10a3, 0x0882, 0x0882, 0x10a3, 0x10a3, 0x10c3, 0x18e3, 0x18e3, 0x2103, 0x2103, 0x2104, 0x2103, 0x2103, 0x2103,
	0x2103, 0x2103, 0x2103, 0x2103, 0x2103, 0x2103, 0x2103, 0x2103, 0x2103, 0x2103, 0x2103, 0x2103, 0x2102, 0x2103, 0x20e3, 0x2103,
	0x2103, 0x20e3, 0x2103, 0x2103, 0x3185, 0x3165, 0x3165, 0x3165, 0x3165, 0x3165, 0x3165, 0x3165, 0x3165, 0x3165, 0x3165, 0x3165,
	0x3165, 0x3165, 0x3165, 0x3185, 0x3185, 0x3185, 0x3165, 0x3165, 0x3165, 0x3165, 0x3165, 0x2964, 0x2944, 0x2944, 0x2944, 0x2944,
	0x2944, 0x3165, 0x3165, 0x2965, 0x2944, 0x2945, 0x2924, 0x2944, 0x2944, 0x2124, 0x2944, 0x2924, 0x2124, 0x2944, 0x2965, 0x2965,
	0x2964, 0x2924, 0x2103, 0x18e2, 0x2964, 0x5289, 0x842f, 0xc637, 0xffde, 0xffff, 0xffff, 0xffff, 0xd6b6, 0x1081, 0x0862, 0x10a2,
	0x1904, 0x2945, 0x18e3, 0xb5b7, 0xffff, 0x734a, 0x0001, 0x10c3, 0x08a2, 0x10a3, 0x10a3, 0x10c2, 0x18e3, 0x20e3, 0x2103, 0x20e3,
	0x18e3, 0x18e3, 0x18e3, 0x18e3, 0x18e3, 0x18e3, 0x2104, 0x0862, 0x94b2, 0xffff, 0xffdf, 0xffdb, 0xfea5, 0xfe40, 0xfe40, 0xfea0,
	0x6262, 0x0001, 0x2944, 0xef7c, 0xffff, 0xf798, 0xf682, 0xfec1, 0xff22, 0xff21, 0xfea3, 0xbd04, 0x7b64, 0xef78, 0xffff, 0xf797,
	0xfe00, 0xfde0, 0xfda0, 0xfe00, 0x7aa2, 0x0042, 0x10a3, 0x10a2, 0x10a2, 0x10c2, 0x18c2, 0x18e3, 0x2103, 0x2103, 0x20e3, 0x20e3,
	0x2103, 0x2103, 0x2103, 0x2103, 0x2103, 0x2103, 0x2103, 0x20e3, 0x2103, 0x2103, 0x2103, 0x2103, 0x2103, 0x2103, 0x2103, 0x2103,
	0x2103, 0x2103, 0x2103, 0x2103, 0x2103, 0x2103, 0x2103, 0x2103, 0x2103, 0x20e3, 0x3165, 0x3165, 0x3165, 0x3165, 0x3165, 0x3165,
	0x3165, 0x3165, 0x3165, 0x3165, 0x3165, 0x3165, 0x3165, 0x3185, 0x3185, 0x3165, 0x3165, 0x3165, 0x3165, 0x3165, 0x3165, 0x3165,
	0x3165, 0x2964, 0x2944, 0x2944, 0x2964, 0x2964, 0x2964, 0x3165, 0x3165, 0x2965, 0x2944, 0x2944, 0x2944, 0x2944, 0x2944, 0x2944,
	0x2944, 0x2965, 0x3165, 0x2944, 0x2124, 0x18e3, 0x20e3, 0x31a5, 0x5aeb, 0x9cf3, 0xdefa, 0xffff, 0xffff, 0xffff, 0xffde, 0xc636,
	0x842e, 0x5267, 0x20e2, 0x0861, 0x1082, 0x10c2, 0x2145, 0x18e3, 0x630c, 0xffff, 0x842f, 0x0020, 0x10c3, 0x10c3, 0x1083, 0x0041,
	0x0862, 0x1903, 0x18e3, 0x20e3, 0x2103, 0x18e3, 0x18e3, 0x18e3, 0x18e3, 0x18e3, 0x18e3, 0x18e3, 0x2104, 0x0862, 0x9492, 0xffff,
	0xffff, 0xff94, 0xfe60, 0xfe61, 0xfe40, 0xfec0, 0x5a42, 0x0001, 0x2944, 0xf7bf, 0xfffc, 0xfee4, 0xfee1, 0xee22, 0xac62, 0x7302,
	0x3162, 0x0001, 0x10a4, 0xef7d, 0xffff, 0xf778, 0xf5e0, 0xfde0, 0xfda0, 0xfe00, 0x7aa2, 0x0021, 0x10a2, 0x0882, 0x18c3, 0x2124,
	0x2104, 0x2103, 0x10c3, 0x10a3, 0x20e4, 0x20e4, 0x2103, 0x20e3, 0x2103, 0x2104, 0x2103, 0x20e3, 0x2103, 0x2103, 0x20e3, 0x2103,
	0x2103, 0x2103, 0x2103, 0x2103, 0x2103, 0x2103, 0x2103, 0x2103, 0x2103, 0x2103, 0x2103, 0x20e3, 0x2103, 0x2103, 0x2103, 0x20e3,
	0x3165, 0x3165, 0x3165, 0x3165, 0x3165, 0x3165, 0x3165, 0x3165, 0x3165, 0x3165, 0x3165, 0x2964, 0x3165, 0x3165, 0x3165, 0x3165,
	0x3165, 0x3165, 0x3165, 0x3165, 0x3165, 0x3165, 0x2964, 0x2964, 0x2964, 0x2944, 0x2964, 0x3165, 0x3165, 0x3165, 0x3165, 0x2965,
	0x2965, 0x2965, 0x2965, 0x2965, 0x2965, 0x2965, 0x2944, 0x2103, 0x18e3, 0x2944, 0x4a48, 0x840f, 0xbdd6, 0xef7d, 0xffff, 0xffff,
	0xffff, 0xdefa, 0xa512, 0x5aea, 0x2944, 0x0860, 0x0820, 0x0840, 0x0882, 0x08a2, 0x10a2, 0x2104, 0x2144, 0x2124, 0xe73c, 0x9cd3,
	0x0841, 0x18e3, 0x1082, 0x0021, 0x0883, 0x5aeb, 0x6b6d, 0x0842, 0x2103, 0x2103, 0x20e3, 0x20e3, 0x18e3, 0x18e3, 0x18e3, 0x18e3,
	0x18e3, 0x18e3, 0x2104, 0x0862, 0x8c71, 0xffff, 0xffff, 0xff51, 0xfe60, 0xfe61, 0xfe60, 0xfec0, 0x5a42, 0x0002, 0x3186, 0xef7b,
	0xcda9, 0xa421, 0x62a3, 0x20c2, 0x0022, 0x0022, 0x0862, 0x0862, 0x2945, 0xf7bd, 0xffff, 0xf779, 0xf5c0, 0xfde0, 0xfda0, 0xfe00,
	0x7aa2, 0x0021, 0x10a2, 0x0882, 0x18c3, 0x2104, 0x2124, 0x18c3, 0x6243, 0x6aa2, 0x20e2, 0x2104, 0x2103, 0x2103, 0x2104, 0x20e4,
	0x2103, 0x2103, 0x2103, 0x2103, 0x2103, 0x2103, 0x2103, 0x2103, 0x2103, 0x2103, 0x2103, 0x2103, 0x2103, 0x2103, 0x2103, 0x2103,
	0x2103, 0x2103, 0x2103, 0x2103, 0x2103, 0x2103, 0x3165, 0x3165, 0x3165, 0x3165, 0x3165, 0x3165, 0x3165, 0x3165, 0x3165, 0x3165,
	0x2964, 0x3165, 0x3165, 0x3165, 0x3165, 0x3165, 0x3165, 0x3165, 0x3165, 0x2964, 0x3165, 0x3165, 0x3165, 0x2944, 0x2964, 0x2944,
	0x2964, 0x2964, 0x2964, 0x3165, 0x2964, 0x2944, 0x2965, 0x3185, 0x2965, 0x2124, 0x18e3, 0x1903, 0x31a6, 0x630b, 0x9cf3, 0xd6ba,
	0xffff, 0xffff, 0xffff, 0xffdd, 0xbdf5, 0x7bee, 0x4207, 0x10a1, 0x0000, 0x0000, 0x0861, 0x18a2, 0x18a2, 0x18c2, 0x18e2, 0x18e3,
	0x2124, 0x2965, 0x18c3, 0x8430, 0xad75, 0x0000, 0x0862, 0x0862, 0x31a6, 0x8450, 0xd6ba, 0xffff, 0xfffe, 0x7ba8, 0x0861, 0x1904,
	0x2103, 0x20e3, 0x18e3, 0x18e3, 0x18e3, 0x18e3, 0x18e3, 0x18e3, 0x2104, 0x0861, 0x8c71, 0xffff, 0xffff, 0xff2f, 0xfe60, 0xfe61,
	0xfe60, 0xfea1, 0x5a22, 0x0022, 0x1904, 0x31a4, 0x1081, 0x0843, 0x0022, 0x0882, 0x10a3, 0x10a3, 0x10a3, 0x0862, 0x2966, 0xf7be,
	0xffff, 0xf79a, 0xf5c0, 0xfdc0, 0xfda0, 0xfde0, 0x7aa2, 0x0022, 0x10a2, 0x0883, 0x18c3, 0x2124, 0x18e4, 0x8b63, 0xcd04, 0xb464,
	0x8b64, 0x18a3, 0x2103, 0x2103, 0x2103, 0x2103, 0x2103, 0x20e3, 0x2103, 0x2103, 0x2103, 0x20e3, 0x2103, 0x2103, 0x2103, 0x2103,
	0x2103, 0x2103, 0x2103, 0x2103, 0x2103, 0x2103, 0x2103, 0x2103, 0x2103, 0x2103, 0x2103, 0x2103, 0x3165, 0x3165, 0x3165, 0x3165,
	0x3165, 0x3165, 0x3165, 0x3165, 0x3165, 0x3165, 0x3165, 0x2964, 0x3165, 0x3165, 0x3165, 0x3165, 0x3165, 0x3165, 0x2964, 0x3165,
	0x3165, 0x3165, 0x2964, 0x2964, 0x2944, 0x2944, 0x2944, 0x2944, 0x2944, 0x2944, 0x2944, 0x2944, 0x2123, 0x18e3, 0x2124, 0x4a69,
	0x7bef, 0xb596, 0xef5d, 0xffff, 0xffff, 0xffff, 0xe71b, 0xa553, 0x6b4b, 0x2964, 0x0040, 0x0000, 0x0021, 0x0881, 0x10a2, 0x10a2,
	0x18c2, 0x18e3, 0x2103, 0x2124, 0x2924, 0x2944, 0x2945, 0x2944, 0x3a07, 0x9cf3, 0x18c3, 0x31a6, 0x5b0b, 0xad75, 0xf7df, 0xffff,
	0xffff, 0xffff, 0xfff4, 0xffc5, 0x9404, 0x1082, 0x18e3, 0x2104, 0x2104, 0x20e3, 0x18e3, 0x20e3, 0x18e3, 0x18e3, 0x2104, 0x0862,
	0x8c71, 0xffff, 0xffff, 0xff0d, 0xfe60, 0xfe61, 0xfe40, 0xfea1, 0x5202, 0x0042, 0x10a3, 0x0862, 0x08a3, 0x10a3, 0x10a2, 0x10a2,
	0x1083, 0x0882, 0x10a2, 0x0861, 0x31a6, 0xffdf, 0xffff, 0xf79a, 0xf5c0, 0xfdc0, 0xfd80, 0xfde0, 0x82a2, 0x0022, 0x10a3, 0x0882,
	0x18c2, 0x2104, 0x3163, 0xdd44, 0x28e2, 0x0001, 0xa425, 0x3983, 0x18c3, 0x2103, 0x2103, 0x2103, 0x20e3, 0x2103, 0x2103, 0x20e3,
	0x20e3, 0x20e3, 0x2103, 0x2103, 0x2103, 0x2103, 0x2103, 0x2103, 0x2103, 0x2103, 0x2103, 0x2103, 0x2103, 0x2103, 0x2103, 0x2103,
	0x2103, 0x2103, 0x3165, 0x3165, 0x3165, 0x3164, 0x3164, 0x3165, 0x3165, 0x3165, 0x3165, 0x2964, 0x3165, 0x3165, 0x3165, 0x2964,
	0x2964, 0x2964, 0x2964, 0x2964, 0x2964, 0x3165, 0x2964, 0x2944, 0x2944, 0x2944, 0x2944, 0x2944, 0x2944, 0x2944, 0x2944, 0x2944,
	0x2944, 0x2944, 0x4a69, 0x8c50, 0xce79, 0xffff, 0xffff, 0xffff, 0xffff, 0xce58, 0x842f, 0x4207, 0x10a2, 0x0000, 0x0000, 0x0061,
	0x10a2, 0x10a2, 0x10a2, 0x18c2, 0x18e3, 0x2104, 0x2944, 0x2945, 0x2945, 0x2944, 0x2924, 0x2944, 0x2945, 0x2944, 0x52aa, 0x31a6,
	0x0861, 0x73ae, 0xffff, 0xffff, 0xffff, 0xffdf, 0xffba, 0xff8f, 0xff45, 0xff02, 0xff83, 0xac84, 0x1082, 0x18e3, 0x2104, 0x20e4,
	0x20e3, 0x18e3, 0x18e3, 0x18e3, 0x2104, 0x0861, 0x9492, 0xffff, 0xffff, 0xff0c, 0xfe60, 0xfe61, 0xfe60, 0xfea1, 0x51e2, 0x0042,
	0x10a2, 0x10a3, 0x1082, 0x1083, 0x1082, 0x1082, 0x10a2, 0x10a2, 0x18e3, 0x10a2, 0x39c7, 0xffdf, 0xffff, 0xf79a, 0xf5a0, 0xfda0,
	0xfd80, 0xfdc0, 0x82c2, 0x0022, 0x10a2, 0x0882, 0x18c2, 0x2104, 0x2943, 0xcd05, 0x3942, 0x3162, 0xbca5, 0x2922, 0x18c3, 0x20e3,
	0x20e3, 0x2103, 0x2103, 0x2103, 0x20e3, 0x20e3, 0x20e3, 0x2103, 0x2103, 0x2103, 0x2103, 0x2103, 0x2103, 0x2103, 0x2103, 0x2103,
	0x2103, 0x2103, 0x2103, 0x2103, 0x2103, 0x2103, 0x2103, 0x2103, 0x3165, 0x3165, 0x3165, 0x3164, 0x3164, 0x3165, 0x3165, 0x3165,
	0x3165, 0x2964, 0x2964, 0x3165, 0x3165, 0x3165, 0x2964, 0x2944, 0x3165, 0x2964, 0x2964, 0x2944, 0x2944, 0x2944, 0x2944, 0x2944,
	0x2944, 0x2944, 0x2944, 0x2944, 0x2924, 0x2924, 0x2924, 0x2103, 0xe71c, 0xffff, 0xffff, 0xef5d, 0xad74, 0x634b, 0x2985, 0x0861,
	0x0000, 0x0020, 0x0861, 0x10a2, 0x10c2, 0x18e3, 0x18e3, 0x2104, 0x2944, 0x2945, 0x2945, 0x2945, 0x2944, 0x2124, 0x2124, 0x2124,
	0x2124, 0x2924, 0x2944, 0x2965, 0x2104, 0x18c3, 0x2104, 0x1082, 0x8410, 0xffff, 0xffff, 0xeecf, 0xf681, 0xfee1, 0xff02, 0xff02,
	0xfee1, 0xff63, 0xb4e4, 0x10a2, 0x18e4, 0x2103, 0x18e3, 0x18e3, 0x18e3, 0x20e3, 0x2104, 0x1082, 0x9cd3, 0xffff, 0xffff, 0xfeeb,
	0xfe40, 0xfe60, 0xfe60, 0xfea1, 0x51e2, 0x0041, 0x10a1, 0x08a2, 0x10c3, 0x18c3, 0x18c3, 0x18e3, 0x18e3, 0x1903, 0x1903, 0x10a2,
	0x31a6, 0xffde, 0xffff, 0xf799, 0xf5a1, 0xfda0, 0xfd60, 0xfdc0, 0x82c2, 0x0021, 0x10a2, 0x08a2, 0x18c3, 0x2124, 0x18c3, 0x6264,
	0xc505, 0xcce4, 0x6a63, 0x1083, 0x20e2, 0x20e3, 0x2103, 0x2103, 0x2103, 0x2103, 0x2103, 0x2103, 0x2103, 0x2103, 0x2103, 0x2103,
	0x2103, 0x2103, 0x2103, 0x2103, 0x2103, 0x2103, 0x2103, 0x2103, 0x2103, 0x2103, 0x2103, 0x2103, 0x2103, 0x2103, 0x3165, 0x3165,
	0x3165, 0x3164, 0x3164, 0x3165, 0x3165, 0x3165, 0x2964, 0x2944, 0x2944, 0x3165, 0x3165, 0x2944, 0x2944, 0x2964, 0x2964, 0x2964,
	0x2944, 0x2964, 0x2944, 0x2944, 0x2944, 0x2944, 0x2944, 0x2944, 0x2944, 0x2944, 0x2944, 0x2924, 0x2924, 0x2103, 0xad55, 0x9cf3,
	0x4a89, 0x18e3, 0x0020, 0x0000, 0x0041, 0x10a2, 0x10c2, 0x18c2, 0x1903, 0x2124, 0x2965, 0x2965, 0x2945, 0x2124, 0x18c3, 0x10a2,
	0x10a2, 0x10a2, 0x18c3, 0x2104, 0x2124, 0x2103, 0x2103, 0x2104, 0x2104, 0x2103, 0x18c3, 0x18e3, 0x20e4, 0x18e4, 0x0861, 0x8430,
	0xffff, 0xf799, 0xf6a3, 0xfee2, 0xff03, 0xfee2, 0xfee1, 0xfec1, 0xff62, 0xb4c4, 0x0862, 0x18e3, 0x2103, 0x18e3, 0x18e3, 0x18e3,
	0x2104, 0x1082, 0x9cf3, 0xffff, 0xffff, 0xfeca, 0xfe40, 0xfe40, 0xfe40, 0xfea1, 0x51e2, 0x0041, 0x10a2, 0x0882, 0x18e3, 0x18e3,
	0x18e3, 0x18e3, 0x20e3, 0x18e3, 0x20e3, 0x18c2, 0x31a6, 0xffde, 0xffff, 0xf799, 0xf5a1, 0xfda0, 0xfd40, 0xfda0, 0x82c2, 0x0021,
	0x10a2, 0x08a2, 0x18e3, 0x2104, 0x2104, 0x10c3, 0x2903, 0x2103, 0x10a3, 0x20e2, 0x20c3, 0x18e3, 0x2104, 0x2104, 0x2103, 0x2103,
	0x2103, 0x2103, 0x2103, 0x2103, 0x2103, 0x2103, 0x2103, 0x2103, 0x2103, 0x2103, 0x2103, 0x2103, 0x2103, 0x2103, 0x2103, 0x2103,
	0x2103, 0x2103, 0x2103, 0x2103, 0x3164, 0x3165, 0x3165, 0x3165, 0x3165, 0x3164, 0x3164, 0x2964, 0x2944, 0x2944, 0x2964, 0x2964,
	0x3165, 0x2964, 0x3165, 0x2964, 0x2964, 0x2964, 0x2944, 0x2944, 0x2944, 0x2944, 0x2944, 0x2944, 0x2944, 0x2944, 0x2944, 0x2944,
	0x2944, 0x2124, 0x2124, 0x2103, 0x1082, 0x0000, 0x0020, 0x0881, 0x10a2, 0x18c2, 0x18e3, 0x2103, 0x2924, 0x2965, 0x2965, 0x2124,
	0x18e3, 0x10c2, 0x1903, 0x39e7, 0x634d, 0x8430, 0x8410, 0x6b6d, 0x4a69, 0x1903, 0x0861, 0x18c3, 0x2104, 0x2103, 0x18e3, 0x18c3,
	0x18c3, 0x18c2, 0x18c3, 0x18c3, 0x18e4, 0x0861, 0x7bce, 0xffff, 0xff96, 0xf6a2, 0xfec2, 0xfee2, 0xfec2, 0xfec1, 0xfea1, 0xff62,
	0xa484, 0x0882, 0x18e3, 0x20e3, 0x18e3, 0x18e3, 0x2104, 0x1082, 0xa534, 0xffff, 0xffff, 0xf6a8, 0xfe20, 0xfe40, 0xfe40, 0xfe81,
	0x51e2, 0x0041, 0x10a2, 0x1082, 0x18e3, 0x20e3, 0x18e3, 0x18e3, 0x18e3, 0x20e3, 0x20e3, 0x10a2, 0x31c6, 0xffde, 0xffff, 0xff9a,
	0xf5a1, 0xfd80, 0xfd40, 0xfd80, 0x8ac2, 0x0041, 0x10a2, 0x10a2, 0x18e3, 0x2103, 0x2103, 0x2104, 0x18e4, 0x18e3, 0x20e3, 0x20e3,
	0x20e3, 0x2103, 0x2104, 0x2104, 0x2104, 0x2104, 0x2103, 0x2103, 0x2103, 0x20e3, 0x20e3, 0x2103, 0x2103, 0x2103, 0x2103, 0x2103,
	0x2103, 0x2103, 0x2103, 0x20e3, 0x20e3, 0x20e3, 0x2103, 0x2103, 0x2103, 0x20e3, 0x3164, 0x3165, 0x3165, 0x3165, 0x3165, 0x3164,
	0x3164, 0x2964, 0x3165, 0x2964, 0x2944, 0x2964, 0x2964, 0x3164, 0x3164, 0x2964, 0x2944, 0x2944, 0x2944, 0x2944, 0x2944, 0x2944,
	0x2944, 0x2944, 0x2944, 0x2944, 0x2944, 0x2944, 0x2944, 0x2944, 0x2924, 0x2124, 0x18e3, 0x18e3, 0x18e3, 0x1903, 0x2104, 0x2945,
	0x2965, 0x2965, 0x2104, 0x18c3, 0x18c3, 0x31a6, 0x5b0c, 0x9492, 0xce59, 0xf7be, 0xffff, 0xffff, 0xffff, 0xffff, 0xffff, 0xe71c,
	0x8c71, 0x2144, 0x10a3, 0x2103, 0x18e3, 0x18e3, 0x18c3, 0x18c2, 0x18c3, 0x10a3, 0x10a3, 0x2104, 0x0861, 0x632c, 0xffff, 0xf774,
	0xf660, 0xfec2, 0xfec2, 0xfec2, 0xfea1, 0xfe80, 0xff22, 0xa444, 0x0862, 0x18e3, 0x2103, 0x1903, 0x2124, 0x1082, 0xa534, 0xffff,
	0xffff, 0xf6a8, 0xfe00, 0xfe20, 0xfe40, 0xfe81, 0x51e2, 0x0041, 0x10a2, 0x10a2, 0x18e3, 0x20e3, 0x20e3, 0x18e3, 0x20e3, 0x18e3,
	0x2103, 0x10a2, 0x39c6, 0xffde, 0xffff, 0xff9a, 0xf5a1, 0xfd80, 0xfd40, 0xfd80, 0x8ac2, 0x0041, 0x10a2, 0x1082, 0x18e3, 0x2104,
	0x2103, 0x2103, 0x2103, 0x2103, 0x2103, 0x2103, 0x2104, 0x2124, 0x2103, 0x2103, 0x2104, 0x2104, 0x2103, 0x2103, 0x2103, 0x2103,
	0x2103, 0x2103, 0x2103, 0x2103, 0x2103, 0x2103, 0x2103, 0x2103, 0x20e3, 0x20e3, 0x20e3, 0x20e3, 0x2103, 0x2103, 0x2103, 0x20e3,
	0x2964, 0x2964, 0x3165, 0x2944, 0x3165, 0x3164, 0x2964, 0x2964, 0x2944, 0x2964, 0x2944, 0x2944, 0x2944, 0x2944, 0x2965, 0x2944,
	0x2944, 0x2944, 0x2944, 0x2944, 0x2944, 0x2944, 0x2944, 0x2944, 0x2944, 0x2944, 0x2944, 0x2944, 0x2944, 0x2944, 0x2124, 0x2124,
	0x2104, 0x2124, 0x2945, 0x2945, 0x2124, 0x18e3, 0x10c2, 0x1904, 0x3a07, 0x73ae, 0xbdf7, 0xef7d, 0xffff, 0xffff, 0xffff, 0xffff,
	0xffff, 0xf7bd, 0xf799, 0xf778, 0xf778, 0xffba, 0xfffd, 0xdf15, 0x4204, 0x1082, 0x2103, 0x20e3, 0x18e3, 0x18c3, 0x18e3, 0x94b3,
	0x18e4, 0x1082, 0x2104, 0x0841, 0x5aeb, 0xffff, 0xff52, 0xf680, 0xfec1, 0xfec1, 0xfea0, 0xfe80, 0xfe60, 0xff01, 0xa443, 0x1082,
	0x10c3, 0x1904, 0x2104, 0x1082, 0xad55, 0xffff, 0xffff, 0xf688, 0xfe00, 0xfe20, 0xfe20, 0xfe61, 0x51e2, 0x0042, 0x10a2, 0x1082,
	0x18e3, 0x2103, 0x18e3, 0x20e3, 0x2103, 0x20e3, 0x2103, 0x10a2, 0x39c6, 0xffde, 0xffff, 0xff9a, 0xf5a1, 0xfd80, 0xfd40, 0xfd80,
	0x8ae2, 0x0041, 0x10a2, 0x10a2, 0x18e3, 0x2103, 0x2103, 0x2103, 0x2103, 0x2103, 0x2103, 0x2103, 0x2104, 0x2103, 0x2104, 0x2103,
	0x2103, 0x2103, 0x2103, 0x2103, 0x2103, 0x2103, 0x2103, 0x2103, 0x2103, 0x2103, 0x2103, 0x2103, 0x2103, 0x2103, 0x20e3, 0x20e3,
	0x20e3, 0x2103, 0x2103, 0x2103, 0x20e3, 0x2103, 0x2944, 0x2944, 0x2944, 0x2964, 0x3144, 0x3144, 0x3144, 0x2944, 0x2964, 0x2944,
	0x2964, 0x2944, 0x2944, 0x2944, 0x2944, 0x2944, 0x2944, 0x2944, 0x2944, 0x2944, 0x2944, 0x2944, 0x2944, 0x2944, 0x2944, 0x2944,
	0x2944, 0x2944, 0x2944, 0x2944, 0x2124, 0x2124, 0x2124, 0x20e4, 0x10c2, 0x10c3, 0x2145, 0x52cb, 0x94d3, 0xce79, 0xf7be, 0xffff,
	0xffff, 0xffff, 0xffff, 0xffbe, 0xf777, 0xf711, 0xf6ca, 0xf6a5, 0xf6a2, 0xf6c2, 0xf6c2, 0xf6a2, 0xeea2, 0xff23, 0xee84, 0x49e3,
	0x10a3, 0x2103, 0x18e3, 0x20e4, 0x1082, 0xd6db, 0xc659, 0x0882, 0x1082, 0x2104, 0x0841, 0x528a, 0xffff, 0xf730, 0xf660, 0xfea1,
	0xfea0, 0xfe80, 0xfe81, 0xfe40, 0xfee1, 0xb4a3, 0x18a3, 0x10e3, 0x1904, 0x0862, 0xb596, 0xffff, 0xffff, 0xf688, 0xfe00, 0xfe20,
	0xfe20, 0xfe61, 0x49c2, 0x0042, 0x10a2, 0x1082, 0x18e3, 0x2103, 0x20e3, 0x20e3, 0x20e3, 0x20e3, 0x2103, 0x10a2, 0x39c6, 0xffde,
	0xffff, 0xff99, 0xf5a0, 0xfd80, 0xfd40, 0xfd80, 0x8ac2, 0x0042, 0x10a2, 0x08a2, 0x18c3, 0x2103, 0x2103, 0x2103, 0x2103, 0x2103,
	0x2104, 0x2104, 0x2103, 0x2103, 0x2103, 0x2104, 0x2103, 0x2103, 0x2103, 0x2103, 0x2103, 0x2103, 0x2103, 0x2103, 0x2103, 0x2103,
	0x2103, 0x2103, 0x2103, 0x2103, 0x2103, 0x20e3, 0x2103, 0x2103, 0x2103, 0x2103, 0x2103, 0x2103, 0x2944, 0x2944, 0x2944, 0x2944,
	0x3144, 0x3144, 0x3144, 0x2944, 0x2944, 0x2944, 0x2944, 0x2944, 0x2944, 0x2944, 0x2944, 0x2944, 0x2944, 0x2944, 0x2944, 0x2944,
	0x2944, 0x2944, 0x2944, 0x2944, 0x2944, 0x2944, 0x2944, 0x2944, 0x2944, 0x2924, 0x2924, 0x2124, 0x2124, 0x39e7, 0x73ae, 0xb5b6,
	0xe71c, 0xffff, 0xffff, 0xffff, 0xffff, 0xffff, 0xf7bc, 0xf777, 0xf72f, 0xf6e7, 0xf6c2, 0xfee1, 0xff02, 0xff02, 0xff02, 0xff03,
	0xff03, 0xff02, 0xff01, 0xfec1, 0xff00, 0xde04, 0x2923, 0x18e3, 0x20e4, 0x2104, 0x10a2, 0xbdd7, 0xffff, 0xbdf8, 0x10c3, 0x10a2,
	0x2104, 0x0861, 0x4a8a, 0xffff, 0xf70f, 0xf640, 0xfe81, 0xfe80, 0xfe80, 0xfe61, 0xfe21, 0xfec1, 0xc4c3, 0x18a2, 0x10e3, 0x0882,
	0x8c72, 0xffff, 0xffff, 0xf688, 0xfe00, 0xfe20, 0xfe00, 0xfe61, 0x51e2, 0x0042, 0x10a2, 0x1082, 0x18e3, 0x2103, 0x18e3, 0x20e3,
	0x20e3, 0x18e3, 0x20e3, 0x10a2, 0x39c7, 0xffde, 0xffff, 0xf799, 0xf5a0, 0xfd80, 0xfd20, 0xfd80, 0x8ac2, 0x0042, 0x10a2, 0x0881,
	0x18c3, 0x2103, 0x20e3, 0x2103, 0x2103, 0x2103, 0x2104, 0x2104, 0x2103, 0x2103, 0x2103, 0x20e4, 0x2103, 0x2103, 0x2103, 0x2103,
	0x2103, 0x2103, 0x2103, 0x2103, 0x2103, 0x2103, 0x2103, 0x2103, 0x2103, 0x2103, 0x2103, 0x2103, 0x20e3, 0x2103, 0x2103, 0x20e3,
	0x20e3, 0x20e3, 0x2944, 0x2944, 0x2944, 0x2944, 0x2944, 0x2944, 0x2944, 0x2964, 0x2964, 0x2964, 0x2944, 0x2944, 0x2944, 0x2944,
	0x2944, 0x2944, 0x2944, 0x2944, 0x2944, 0x2944, 0x2944, 0x2944, 0x2944, 0x2944, 0x2944, 0x2944, 0x2944, 0x2944, 0x2924, 0x2924,
	0x2924, 0x2124, 0xbdd6, 0xffff, 0xffff, 0xffff, 0xffff, 0xffff, 0xffdf, 0xf7bb, 0xf755, 0xf70b, 0xf6e5, 0xfee2, 0xff01, 0xff22,
	0xff23, 0xff23, 0xff03, 0xff23, 0xff03, 0xff03, 0xfee2, 0xfee2, 0xfee1, 0xfee1, 0xfea0, 0xff41, 0x93e4, 0x0882, 0x2103, 0x2104,
	0x1082, 0xb5d7, 0xffff, 0xffff, 0xbdf7, 0x10c3, 0x10c3, 0x2104, 0x0862, 0x528a, 0xffff, 0xff30, 0xf640, 0xfe61, 0xfe61, 0xfe60,
	0xfe40, 0xfe20, 0xfea0, 0xc4c3, 0x20a2, 0x10c3, 0x10a2, 0x9492, 0xffff, 0xf666, 0xfde0, 0xfe00, 0xfe00, 0xfe61, 0x5202, 0x0041,
	0x10a2, 0x10a3, 0x18e3, 0x2103, 0x20e3, 0x18e3, 0x2103, 0x20e3, 0x20e3, 0x10a2, 0x39c7, 0xffde, 0xffff, 0xf799, 0xf5a0, 0xfd80,
	0xfd40, 0xfd60, 0x8aa2, 0x0041, 0x10a2, 0x0881, 0x18c2, 0x2103, 0x2103, 0x2103, 0x2103, 0x2103, 0x2104, 0x2104, 0x2103, 0x2103,
	0x2103, 0x2103, 0x2103, 0x2103, 0x2103, 0x2103, 0x2103, 0x2103, 0x2103, 0x2103, 0x2103, 0x2103, 0x2103, 0x2103, 0x2103, 0x2103,
	0x2103, 0x2103, 0x20e3, 0x20e3, 0x20e3, 0x20e3, 0x20e3, 0x20e3, 0x2944, 0x2944, 0x2944, 0x2964, 0x2944, 0x2944, 0x2964, 0x2964,
	0x3165, 0x3165, 0x2944, 0x2944, 0x2944, 0x2944, 0x2944, 0x2944, 0x2944, 0x2944, 0x2944, 0x2944, 0x2944, 0x2944, 0x2944, 0x2944,
	0x2924, 0x2944, 0x2924, 0x2924, 0x2924, 0x2124, 0x2124, 0x2103, 0xdedb, 0xffff, 0xffdf, 0xffde, 0xf7b9, 0xf751, 0xf6ea, 0xf6c4,
	0xfec1, 0xff01, 0xff22, 0xff43, 0xff43, 0xff23, 0xff23, 0xff03, 0xff03, 0xff03, 0xff02, 0xfee2, 0xfee2, 0xfec1, 0xfea1, 0xfea1,
	0xfea1, 0xfec0, 0xe602, 0x2102, 0x18c3, 0x2104, 0x1082, 0xb5b6, 0xffff, 0xf7df, 0xfffb, 0xbd6a, 0x18e3, 0x10c4, 0x2104, 0x0862,
	0x4a49, 0xf7bf, 0xff50, 0xf600, 0xfe60, 0xfe40, 0xfe40, 0xfe20, 0xfe00, 0xfea1, 0xcce3, 0x18a2, 0x0882, 0x0820, 0x840d, 0xfe44,
	0xfde0, 0xfde0, 0xfe00, 0xfe41, 0x5202, 0x0041, 0x10a2, 0x10a3, 0x2103, 0x2103, 0x20e3, 0x18e3, 0x20e3, 0x18e3, 0x20e3, 0x10a2,
	0x39e7, 0xffff, 0xffff, 0xf778, 0xf580, 0xfd60, 0xfd20, 0xfd60, 0x8aa2, 0x0041, 0x10a2, 0x08a2, 0x18e3, 0x2104, 0x2103, 0x2103,
	0x2103, 0x2103, 0x2104, 0x2104, 0x2103, 0x2103, 0x2103, 0x2103, 0x2103, 0x2103, 0x2103, 0x2103, 0x2103, 0x2103, 0x2103, 0x2103,
	0x2103, 0x2103, 0x2103, 0x2103, 0x2103, 0x2103, 0x2103, 0x2103, 0x2103, 0x20e3, 0x20e3, 0x2103, 0x20e3, 0x20e3, 0x3144, 0x2944,
	0x2944, 0x2944, 0x2964, 0x2944, 0x2964, 0x2965, 0x2944, 0x2944, 0x2944, 0x2944, 0x2944, 0x2944, 0x2944, 0x2944, 0x2944, 0x2944,
	0x2944, 0x2944, 0x2944, 0x2924, 0x2924, 0x2924, 0x2944, 0x2924, 0x2924, 0x2924, 0x2124, 0x2124, 0x2944, 0x1903, 0xce59, 0xffff,
	0xffff, 0xf70e, 0xf6c2, 0xfee1, 0xff02, 0xff23, 0xff23, 0xff23, 0xff23, 0xff23, 0xff03, 0xff02, 0xff02, 0xff22, 0xff63, 0xff44,
	0xff03, 0xfec0, 0xfec0, 0xfec1, 0xfea0, 0xfea1, 0xfe81, 0xfe80, 0xfec1, 0x5a63, 0x0862, 0x2103, 0x1082, 0xb5b6, 0xffff, 0xffff,
	0xf6f1, 0xfe80, 0xcd04, 0x20e3, 0x10c4, 0x2104, 0x0882, 0x4208, 0xef7e, 0xff50, 0xf600, 0xfe40, 0xfe20, 0xfe20, 0xfe20, 0xfe00,
	0xfea1, 0xbc62, 0x1861, 0x10a2, 0x0020, 0x7282, 0xfe01, 0xfdc0, 0xfdc0, 0xfe21, 0x5a22, 0x0041, 0x10a2, 0x10a2, 0x18e3, 0x2103,
	0x20e3, 0x20e3, 0x18e3, 0x20e3, 0x2103, 0x10a2, 0x39e7, 0xffff, 0xffff, 0xf757, 0xfd60, 0xfd60, 0xfd20, 0xfd60, 0x8aa2, 0x0041,
	0x10a2, 0x08a2, 0x18e3, 0x2104, 0x2103, 0x2103, 0x2103, 0x2103, 0x2104, 0x2103, 0x2103, 0x2103, 0x2103, 0x2103, 0x2103, 0x2103,
	0x2103, 0x2103, 0x2103, 0x2104, 0x2103, 0x2103, 0x2103, 0x2103, 0x2103, 0x2103, 0x2103, 0x2103, 0x2103, 0x2103, 0x2103, 0x2103,
	0x20e3, 0x20e3, 0x20e3, 0x20e3, 0x2944, 0x2944, 0x2944, 0x2944, 0x2944, 0x2944, 0x2964, 0x2944, 0x2944, 0x2944, 0x2944, 0x2944,
	0x2944, 0x2944, 0x2944, 0x2944, 0x2944, 0x2944, 0x2944, 0x2944, 0x2944, 0x2944, 0x2924, 0x2924, 0x2924, 0x2924, 0x2924, 0x2924,
	0x2924, 0x2124, 0x2944, 0x2103, 0xce79, 0xffff, 0xffff, 0xff2b, 0xff03, 0xff25, 0xff24, 0xff04, 0xff03, 0xff03, 0xff02, 0xff22,
	0xff42, 0xff63, 0xff03, 0xe643, 0xcda6, 0xe6f0, 0xfff9, 0xffb5, 0xf6c7, 0xfe60, 0xfe60, 0xfe60, 0xfe80, 0xfe60, 0xfec1, 0x93a3,
	0x0842, 0x18e3, 0x1082, 0xb5b6, 0xffff, 0xffff, 0xff0f, 0xfdc0, 0xfe80, 0xc4c3, 0x20c3, 0x10c4, 0x2105, 0x1082, 0x31c7, 0xe75d,
	0xff4f, 0xf5e0, 0xfe20, 0xfe20, 0xfe00, 0xfe00, 0xfe00, 0xfe81, 0xc4a2, 0x20a2, 0x10a3, 0x0862, 0x7282, 0xfe01, 0xfdc0, 0xfe21,
	0x6242, 0x0042, 0x10a3, 0x10a2, 0x20e3, 0x2103, 0x20e3, 0x20e3, 0x18e3, 0x18e3, 0x2103, 0x10a2, 0x4207, 0xffff, 0xffff, 0xff36,
	0xfd40, 0xfd40, 0xfd20, 0xfd80, 0x8ac2, 0x0021, 0x10a2, 0x08a2, 0x18e3, 0x2104, 0x2103, 0x18e3, 0x20e3, 0x2103, 0x2103, 0x2103,
	0x2103, 0x20e3, 0x2103, 0x2103, 0x20e4, 0x20e3, 0x20e3, 0x20e3, 0x2103, 0x20e3, 0x20e3, 0x2103, 0x2103, 0x2103, 0x2103, 0x2103,
	0x2103, 0x20e3, 0x20e3, 0x2103, 0x2103, 0x2103, 0x20e3, 0x20e3, 0x20e3, 0x20e3, 0x2944, 0x2944, 0x2944, 0x2944, 0x2944, 0x2944,
	0x2944, 0x2944, 0x2944, 0x2944, 0x2944, 0x2944, 0x2944, 0x2944, 0x2944, 0x2944, 0x2944, 0x2944, 0x2944, 0x2944, 0x2944, 0x2944,
	0x2924, 0x2924, 0x2924, 0x2944, 0x2924, 0x2924, 0x2924, 0x2124, 0x2944, 0x2103, 0xce59, 0xffff, 0xffff, 0xff2b, 0xff03, 0xff04,
	0xfee3, 0xfee3, 0xff23, 0xff43, 0xff03, 0xee43, 0xbce3, 0x7b43, 0x41e2, 0x18c2, 0x0842, 0x10a3, 0x7bd0, 0xffff, 0xfffe, 0xf667,
	0xfe40, 0xfe60, 0xfe60, 0xfe40, 0xfea0, 0xb483, 0x0862, 0x18e3, 0x0861, 0xb5b6, 0xffff, 0xffff, 0xf6ee, 0xfde0, 0xfe00, 0xfe60,
	0xc4a2, 0x20c3, 0x10a4, 0x2124, 0x1082, 0x2986, 0xe73c, 0xff70, 0xf5e0, 0xfe00, 0xfe00, 0xfe00, 0xfe00, 0xfe00, 0xfea1, 0xcce2,
	0x18a2, 0x10a3, 0x0062, 0x8302, 0xfe40, 0xfe00, 0x6262, 0x0042, 0x10a2, 0x10a2, 0x20e3, 0x2103, 0x2103, 0x20e3, 0x20e3, 0x20e3,
	0x2103, 0x10a2, 0x4207, 0xffff, 0xffff, 0xff35, 0xfd40, 0xfd40, 0xfd20, 0xfd80, 0x8ac2, 0x0022, 0x10a2, 0x0881, 0x18c3, 0x2104,
	0x2103, 0x20e3, 0x20e3, 0x2103, 0x2103, 0x2103, 0x2103, 0x2103, 0x2103, 0x2103, 0x20e4, 0x20e3, 0x20e3, 0x2103, 0x2103, 0x20e3,
	0x20e3, 0x2103, 0x2103, 0x2103, 0x2103, 0x20e3, 0x2103, 0x20e3, 0x2103, 0x2103, 0x20e3, 0x2103, 0x2103, 0x2103, 0x20e3, 0x20e3,
	0x2944, 0x2944, 0x2944, 0x2944, 0x2944, 0x2944, 0x2944, 0x2944, 0x2944, 0x2944, 0x2944, 0x2944, 0x2944, 0x2944, 0x2944, 0x2944,
	0x2944, 0x2944, 0x2944, 0x2944, 0x2944, 0x2924, 0x2924, 0x2924, 0x2924, 0x2944, 0x2924, 0x2924, 0x2924, 0x2924, 0x2944, 0x2103,
	0xce59, 0xffff, 0xf7dd, 0xf6e8, 0xff23, 0xff64, 0xff44, 0xfec3, 0xd5a4, 0x9c23, 0x5a63, 0x20e2, 0x0041, 0x0022, 0x0042, 0x0882,
	0x1082, 0x0861, 0x0000, 0x8450, 0xffff, 0xf755, 0xfe20, 0xfe40, 0xfe40, 0xfe20, 0xfe80, 0xcce2, 0x1062, 0x10c2, 0x0841, 0xb5b6,
	0xffff, 0xffff, 0xf6cd, 0xfe00, 0xfe00, 0xfde0, 0xfe60, 0xdd22, 0x2902, 0x10a4, 0x2104, 0x10a2, 0x3186, 0xdf1b, 0xff70, 0xf5c0,
	0xfe00, 0xfde0, 0xfe00, 0xfe00, 0xfe00, 0xfea1, 0xcca2, 0x20a2, 0x10a3, 0x0062, 0x9b82, 0xfe81, 0x6a62, 0x0042, 0x10a3, 0x10a2,
	0x18e3, 0x2103, 0x2103, 0x2103, 0x2103, 0x2103, 0x2103, 0x10a2, 0x4207, 0xffff, 0xffff, 0xff35, 0xfd40, 0xfd40, 0xfd20, 0xfd80,
	0x8ac2, 0x0042, 0x10a2, 0x0881, 0x18c3, 0x2104, 0x20e3, 0x2103, 0x20e3, 0x2103, 0x2103, 0x2103, 0x2104, 0x2103, 0x2103, 0x2103,
	0x2103, 0x20e3, 0x20e3, 0x2103, 0x2103, 0x20e3, 0x2103, 0x2103, 0x2103, 0x2103, 0x2103, 0x20e3, 0x2103, 0x2103, 0x2103, 0x2103,
	0x2103, 0x2103, 0x2103, 0x20e3, 0x20e3, 0x20e3, 0x2944, 0x2944, 0x2944, 0x2944, 0x2944, 0x2944, 0x2944, 0x2944, 0x2944, 0x2944,
	0x2944, 0x2944, 0x2944, 0x2944, 0x2944, 0x2944, 0x2944, 0x2944, 0x2944, 0x2944, 0x2924, 0x2924, 0x2924, 0x2924, 0x2924, 0x2924,
	0x2924, 0x2924, 0x2924, 0x2924, 0x2944, 0x2103, 0xce59, 0xffff, 0xffd2, 0xff25, 0xee65, 0xaca4, 0x6b03, 0x3182, 0x10a2, 0x0022,
	0x0843, 0x1083, 0x10a2, 0x10a2, 0x10a2, 0x1082, 0x1082, 0x1083, 0x0862, 0x2965, 0xf7bf, 0xfffd, 0xfe65, 0xfe20, 0xfe40, 0xfe00,
	0xfe60, 0xd4e1, 0x0862, 0x10a2, 0x0020, 0xb596, 0xffff, 0xffff, 0xfeac, 0xfde0, 0xfe00, 0xfe00, 0xd501, 0x9b81, 0xbc62, 0x2902,
	0x10c4, 0x2104, 0x10c3, 0x2965, 0xd6da, 0xff6f, 0xf5a0, 0xfde0, 0xfde0, 0xfde0, 0xfde0, 0xfde0, 0xfe60, 0xcca2, 0x18a2, 0x0882,
	0x0842, 0xb443, 0x7ac3, 0x0022, 0x10a3, 0x10a2, 0x18e3, 0x2103, 0x18e3, 0x18e3, 0x20e3, 0x20e3, 0x2103, 0x10a2, 0x4207, 0xffff,
	0xffff, 0xff34, 0xfd40, 0xfd40, 0xfd20, 0xfd80, 0x82a2, 0x0042, 0x10a2, 0x0881, 0x18e3, 0x2104, 0x20e3, 0x20e3, 0x20e3, 0x2103,
	0x2103, 0x2104, 0x2104, 0x2103, 0x18e3, 0x20e3, 0x2103, 0x20e3, 0x20e3, 0x2103, 0x2103, 0x2103, 0x2103, 0x2103, 0x2103, 0x2103,
	0x2103, 0x2103, 0x2103, 0x2103, 0x2103, 0x2103, 0x2103, 0x2103, 0x2103, 0x2103, 0x20e3, 0x20e3, 0x2944, 0x2944, 0x2944, 0x2944,
	0x2944, 0x2944, 0x2944, 0x2944, 0x2944, 0x2944, 0x2944, 0x2944, 0x2944, 0x2944, 0x2944, 0x2944, 0x2944, 0x2944, 0x2944, 0x2944,
	0x2924, 0x2924, 0x2924, 0x2924, 0x2924, 0x2924, 0x2924, 0x2924, 0x2924, 0x2924, 0x2924, 0x2104, 0xce9a, 0xef59, 0xa4a7, 0x62c3,
	0x28e2, 0x0022, 0x0022, 0x0842, 0x10a2, 0x18a2, 0x18a3, 0x10a2, 0x1082, 0x1082, 0x10a2, 0x10a2, 0x18c3, 0x18e3, 0x18e4, 0x2945,
	0xe73c, 0xffff, 0xf6aa, 0xfe00, 0xfe20, 0xfe00, 0xfe40, 0xc4a2, 0x0862, 0x18c2, 0x0020, 0xad96, 0xffff, 0xffff, 0xf68b, 0xfde0,
	0xfde0, 0xfe20, 0xac01, 0x0001, 0x51e1, 0x9b82, 0x18e2, 0x18e4, 0x2124, 0x18c3, 0x2144, 0xce98, 0xff6f, 0xf5a0, 0xfdc0, 0xfde0,
	0xfdc0, 0xfdc0, 0xf5c0, 0xfe40, 0xc442, 0x1042, 0x0882, 0x18c3, 0x2923, 0x0862, 0x10a3, 0x1082, 0x18e3, 0x2103, 0x2103, 0x2103,
	0x20e3, 0x18e3, 0x2103, 0x10a2, 0x4207, 0xffff, 0xffff, 0xfef1, 0xfd40, 0xfd60, 0xfd20, 0xfd80, 0x82a2, 0x0042, 0x10a2, 0x0881,
	0x18e3, 0x2103, 0x20e3, 0x20e3, 0x2103, 0x2103, 0x2103, 0x2103, 0x2104, 0x2104, 0x20e3, 0x20e3, 0x20e4, 0x2103, 0x2103, 0x2103,
	0x2103, 0x2103, 0x20e3, 0x20e3, 0x2103, 0x2103, 0x20e3, 0x20e3, 0x2103, 0x2103, 0x2103, 0x2103, 0x2103, 0x20e3, 0x2103, 0x2103,
	0x20e3, 0x20e2, 0x2944, 0x2944, 0x2944, 0x2944, 0x2944, 0x2944, 0x2944, 0x2944, 0x2944, 0x2944, 0x2944, 0x2944, 0x2944, 0x2944,
	0x2944, 0x2944, 0x2924, 0x2944, 0x2944, 0x2924, 0x2924, 0x2924, 0x2924, 0x2924, 0x2924, 0x2924, 0x2924, 0x2924, 0x2924, 0x2104,
	0x2124, 0x2103, 0x31a6, 0x18e2, 0x0021, 0x0021, 0x0021, 0x0020, 0x0020, 0x10c3, 0x10a2, 0x1083, 0x1082, 0x10a2, 0x18a2, 0x18c3,
	0x18e3, 0x18e3, 0x20e3, 0x2103, 0x2103, 0x2985, 0xef5c, 0xffff, 0xfecb, 0xfde0, 0xfe00, 0xfdc0, 0xfe40, 0xabe2, 0x0042, 0x10c2,
	0x0040, 0xadb6, 0xffff, 0xffff, 0xf66a, 0xfdc0, 0xfdc0, 0xfe00, 0xc461, 0x0862, 0x0021, 0x49a2, 0x7b03, 0x18e3, 0x18e4, 0x2104,
	0x18e3, 0x2124, 0xce77, 0xff4e, 0xf580, 0xfdc0, 0xfdc0, 0xfdc0, 0xfdc0, 0xfda0, 0xfe00, 0xabc2, 0x0842, 0x08a2, 0x0863, 0x10a2,
	0x1083, 0x10a2, 0x18e3, 0x2103, 0x2103, 0x2103, 0x20e3, 0x18e3, 0x2103, 0x18a2, 0x4207, 0xffff, 0xffff, 0xf64a, 0xfd20, 0xfd60,
	0xfd60, 0xfe00, 0x8b03, 0x0022, 0x10a2, 0x0882, 0x18e3, 0x2103, 0x2103, 0x20e3, 0x2103, 0x2104, 0x2104, 0x2103, 0x2103, 0x2103,
	0x2103, 0x20e3, 0x20e3, 0x2103, 0x20e3, 0x20e4, 0x2103, 0x2103, 0x2103, 0x2103, 0x2103, 0x20e3, 0x2103, 0x2103, 0x2103, 0x2103,
	0x2103, 0x2103, 0x2103, 0x2103, 0x2103, 0x2103, 0x2103, 0x20e3, 0x2944, 0x2944, 0x2944, 0x2944, 0x2944, 0x2944, 0x2944, 0x2944,
	0x2944, 0x2944, 0x2944, 0x2944, 0x2944, 0x2944, 0x2944, 0x2924, 0x2944, 0x2944, 0x2924, 0x2924, 0x2944, 0x2924, 0x2924, 0x2924,
	0x2924, 0x2924, 0x2924, 0x2924, 0x2924, 0x2103, 0x2103, 0x2103, 0x0881, 0x0041, 0x0020, 0x0861, 0x2985, 0x5b0c, 0xa554, 0x944a,
	0x0861, 0x08a3, 0x10a2, 0x20e3, 0x2103, 0x2103, 0x2103, 0x20e3, 0x2103, 0x2124, 0x18c3, 0x4a69, 0xffff, 0xffff, 0xfe88, 0xfdc0,
	0xfde0, 0xfda0, 0xfe20, 0x7ac2, 0x0022, 0x10c2, 0x0020, 0xb5b6, 0xffff, 0xffff, 0xf66a, 0xfdc0, 0xfde0, 0xfe00, 0xc462, 0x0862,
	0x10a2, 0x0021, 0x51e2, 0x6a42, 0x18a3, 0x18e4, 0x2104, 0x18e3, 0x2124, 0xc635, 0xff4d, 0xf580, 0xfd80, 0xfda0, 0xfda0, 0xfda0,
	0xfd80, 0xfe00, 0xa362, 0x0862, 0x10c3, 0x10a3, 0x0883, 0x1082, 0x18e3, 0x2103, 0x2103, 0x20e3, 0x20e3, 0x18e3, 0x20e3, 0x18a2,
	0x4207, 0xffff, 0xffb8, 0xfdc1, 0xfd80, 0xfda1, 0xe4e1, 0xb3c2, 0x4183, 0x0862, 0x10a2, 0x0882, 0x18e3, 0x2103, 0x2103, 0x2104,
	0x18c3, 0x10a3, 0x2104, 0x2103, 0x2103, 0x2103, 0x20e3, 0x20e3, 0x2103, 0x20e3, 0x2103, 0x2103, 0x2103, 0x2103, 0x2103, 0x2103,
	0x2103, 0x2103, 0x2103, 0x2103, 0x2103, 0x2103, 0x2103, 0x2103, 0x2103, 0x2103, 0x2103, 0x2103, 0x2103, 0x20e3, 0x2944, 0x2944,
	0x2944, 0x2944, 0x2944, 0x2944, 0x2944, 0x2944, 0x2944, 0x2944, 0x2944, 0x2944, 0x2944, 0x2944, 0x2944, 0x2944, 0x2924, 0x2924,
	0x2944, 0x2944, 0x2944, 0x2924, 0x2924, 0x2924, 0x2924, 0x2944, 0x2924, 0x2924, 0x2124, 0x2124, 0x2124, 0x2104, 0x18e3, 0x31c7,
	0x73cf, 0xbe18, 0xf7df, 0xffff, 0xff90, 0xc481, 0x0862, 0x10a2, 0x10a2, 0x2104, 0x2103, 0x2103, 0x20e3, 0x2103, 0x2124, 0x2104,
	0x10a2, 0xbdd6, 0xffff, 0xff99, 0xfe01, 0xfde0, 0xfdc0, 0xfdc0, 0xfde1, 0x4182, 0x0041, 0x10a2, 0x0020, 0xb5b6, 0xffff, 0xffff,
	0xf669, 0xfdc0, 0xfde0, 0xfe00, 0xbc42, 0x0862, 0x0882, 0x1061, 0x10a2, 0x4183, 0x3101, 0x10a3, 0x18e4, 0x2104, 0x18e3, 0x20e4,
	0xbdf4, 0xff4d, 0xf540, 0xfd80, 0xfda0, 0xfd80, 0xfd80, 0xfd80, 0xfde1, 0x8b02, 0x0883, 0x18c3, 0x10a2, 0x10a2, 0x2103, 0x2103,
	0x20e3, 0x20e3, 0x20e3, 0x18e3, 0x2103, 0x10a2, 0x4228, 0xffff, 0xf6aa, 0xe4e0, 0xa382, 0x51e2, 0x20c2, 0x0042, 0x0083, 0x10a3,
	0x10a2, 0x1082, 0x18e3, 0x1903, 0x10a3, 0x18c3, 0x4a02, 0x7325, 0x2924, 0x1904, 0x2104, 0x2103, 0x2103, 0x2103, 0x20e3, 0x20e3,
	0x2103, 0x2103, 0x2103, 0x2103, 0x2103, 0x2103, 0x2103, 0x2103, 0x2103, 0x2103, 0x2103, 0x2103, 0x2103, 0x2103, 0x2103, 0x20e3,
	0x2103, 0x20e3, 0x20e3, 0x20e3, 0x2944, 0x2944, 0x2944, 0x2944, 0x2944, 0x2944, 0x2944, 0x2944, 0x2924, 0x2944, 0x2944, 0x2944,
	0x2944, 0x2924, 0x2944, 0x2944, 0x2924, 0x2924, 0x2924, 0x2924, 0x2924, 0x2924, 0x2924, 0x2924, 0x2924, 0x2944, 0x2924, 0x2924,
	0x2124, 0x2124, 0x2124, 0x18c2, 0xb576, 0xffff, 0xffff, 0xffff, 0xff97, 0xee68, 0xfe00, 0xcce2, 0x0862, 0x08a1, 0x10a2, 0x2103,
	0x2103, 0x2103, 0x2103, 0x18e3, 0x1081, 0x1082, 0x9492, 0xffff, 0xffff, 0xfeaa, 0xfdc0, 0xfdc0, 0xfda0, 0xfde0, 0xd4a2, 0x1062,
	0x1082, 0x1082, 0x0020, 0xb5b6, 0xffff, 0xffff, 0xf648, 0xfdc0, 0xfdc0, 0xfe00, 0xbc42, 0x0842, 0x10a2, 0x0881, 0x18c2, 0x2103,
	0x20e2, 0x20e2, 0x18e3, 0x18e4, 0x1904, 0x18e3, 0x18e3, 0xad72, 0xff0b, 0xfd60, 0xfd80, 0xfd80, 0xfd60, 0xfd80, 0xfd60, 0xfda1,
	0x7aa2, 0x08a3, 0x18e3, 0x18c2, 0x18e3, 0x20e3, 0x2103, 0x18e3, 0x18e3, 0x18e3, 0x20e3, 0x10a2, 0x31c7, 0x840c, 0x3981, 0x18c2,
	0x0041, 0x0042, 0x1082, 0x10a3, 0x10a3, 0x1083, 0x10a1, 0x1082, 0x1082, 0x20e3, 0x62a2, 0xc543, 0xff02, 0xee66, 0x2923, 0x18e4,
	0x2103, 0x2103, 0x2103, 0x2103, 0x20e3, 0x2103, 0x2103, 0x2103, 0x2103, 0x2103, 0x2103, 0x2103, 0x2103, 0x2103, 0x2103, 0x2103,
	0x2103, 0x2103, 0x2103, 0x2103, 0x2103, 0x20e3, 0x20e3, 0x20e3, 0x20e3, 0x20e3, 0x2944, 0x2924, 0x2944, 0x2944, 0x2924, 0x2944,
	0x2924, 0x2944, 0x2924, 0x2924, 0x2924, 0x2924, 0x2944, 0x2944, 0x2944, 0x2924, 0x2924, 0x2924, 0x2924, 0x2924, 0x2924, 0x2924,
	0x2924, 0x2924, 0x2924, 0x2924, 0x2924, 0x2924, 0x2924, 0x2124, 0x2124, 0x18c2, 0xce79, 0xffff, 0xf7df, 0xeead, 0xf600, 0xfe40,
	0xfe80, 0xd522, 0x1082, 0x10a2, 0x10c2, 0x2103, 0x18c2, 0x1061, 0x0861, 0x18e3, 0x52aa, 0xc617, 0xffff, 0xffff, 0xff0f, 0xfdc0,
	0xfda0, 0xfd80, 0xfd80, 0xfde1, 0x6a42, 0x0021, 0x1082, 0x1082, 0x0020, 0xb596, 0xffff, 0xffff, 0xf627, 0xfda0, 0xfdc0, 0xfde0,
	0xbc22, 0x0842, 0x10a2, 0x0881, 0x18e3, 0x2124, 0x2103, 0x2903, 0x2102, 0x18e3, 0x18e4, 0x1904, 0x2103, 0x10a3, 0x9cad, 0xfee8,
	0xfd80, 0xfd80, 0xfd60, 0xfd60, 0xfd60, 0xfd60, 0xe4c1, 0x3962, 0x18c3, 0x18e3, 0x18e3, 0x20e3, 0x20e3, 0x18e3, 0x18e3, 0x18e3,
	0x18e3, 0x18e3, 0x10a3, 0x0821, 0x0842, 0x0881, 0x10a2, 0x10a2, 0x1082, 0x1082, 0x10a3, 0x10a3, 0x0882, 0x10a2, 0x72e2, 0xd561,
	0xfea1, 0xede2, 0x8ba2, 0x41c3, 0x18e3, 0x20e4, 0x2103, 0x2103, 0x20e3, 0x20e3, 0x20e3, 0x2103, 0x2103, 0x2103, 0x2103, 0x2103,
	0x2103, 0x2103, 0x2103, 0x2103, 0x2103, 0x2103, 0x2103, 0x2103, 0x2103, 0x2103, 0x2103, 0x20e3, 0x20e3, 0x20e3, 0x2102, 0x20e2,
	0x2944, 0x2924, 0x2924, 0x2924, 0x2944, 0x2944, 0x2944, 0x2924, 0x2944, 0x2924, 0x2924, 0x2924, 0x2944, 0x2944, 0x2944, 0x2924,
	0x2924, 0x2924, 0x2924, 0x2924, 0x2924, 0x2924, 0x2924, 0x2924, 0x2924, 0x2924, 0x2924, 0x2924, 0x2124, 0x2124, 0x2124, 0x18c2,
	0xc638, 0xffff, 0xffff, 0xee48, 0xfe20, 0xfe61, 0xfe60, 0xd562, 0x1061, 0x0000, 0x0000, 0x10c3, 0x39e7, 0x6b8d, 0xa554, 0xdefb,
	0xffff, 0xffff, 0xffde, 0xf6ee, 0xfdc0, 0xfdc0, 0xfd80, 0xfd60, 0xfdc0, 0xd4a2, 0x1061, 0x0862, 0x1082, 0x1082, 0x0020, 0xb596,
	0xffff, 0xffff, 0xf607, 0xfda0, 0xfda0, 0xfde0, 0xbc42, 0x0842, 0x10a2, 0x0881, 0x18e3, 0x2124, 0x2103, 0x2103, 0x2923, 0x2922,
	0x18e3, 0x10e4, 0x1904, 0x2104, 0x1082, 0x9428, 0xfe44, 0xfd60, 0xfd60, 0xfd60, 0xfd60, 0xfd80, 0xc402, 0x51c4, 0x2124, 0x18e3,
	0x20e3, 0x20e3, 0x20e3, 0x18e3, 0x20e3, 0x20e3, 0x18e3, 0x18e3, 0x18c3, 0x18c3, 0x10c3, 0x1082, 0x0882, 0x0882, 0x1082, 0x10a2,
	0x18c3, 0x10a3, 0x5a22, 0xdd41, 0xfea1, 0xe541, 0x7aa2, 0x28e2, 0x0863, 0x18a3, 0x20e3, 0x20e3, 0x2103, 0x20e3, 0x20e3, 0x20e3,
	0x20e3, 0x2103, 0x2103, 0x20e3, 0x2103, 0x2103, 0x2103, 0x2103, 0x2103, 0x20e3, 0x2103, 0x2103, 0x2103, 0x2103, 0x20e3, 0x20e3,
	0x2103, 0x2103, 0x2103, 0x2103, 0x2103, 0x20e3, 0x2924, 0x2944, 0x2944, 0x2944, 0x2944, 0x2924, 0x2924, 0x2924, 0x2924, 0x2924,
	0x2924, 0x2924, 0x2924, 0x2924, 0x2924, 0x2944, 0x2924, 0x2924, 0x2924, 0x2924, 0x2924, 0x2924, 0x2924, 0x2924, 0x2904, 0x2924,
	0x2924, 0x2904, 0x2103, 0x2124, 0x2124, 0x18c3, 0xce59, 0xffff, 0xffff, 0xf669, 0xfe20, 0xfe40, 0xfe60, 0xd542, 0x20e4, 0x4a8a,
	0x94b2, 0xd69a, 0xffff, 0xffff, 0xffff, 0xffff, 0xffff, 0xf735, 0xf626, 0xfda0, 0xfdc0, 0xfda0, 0xfd80, 0xfd80, 0xfda1, 0x49a1,
	0x0021, 0x1082, 0x1082, 0x1082, 0x0841, 0xb596, 0xffff, 0xffff, 0xf606, 0xfd80, 0xfda0, 0xfde0, 0xbc42, 0x0862, 0x10a2, 0x0881,
	0x18e3, 0x2124, 0x2103, 0x2103, 0x2103, 0x2923, 0x2922, 0x18e3, 0x18c4, 0x2104, 0x2104, 0x10a3, 0x8b85, 0xfde1, 0xfd60, 0xfd60,
	0xfd40, 0xfda0, 0x9b42, 0x3144, 0x3165, 0x20e3, 0x20e3, 0x20e3, 0x18e3, 0x2104, 0x18a3, 0x0841, 0x0041, 0x0041, 0x0882, 0x18c3,
	0x18c3, 0x10c3, 0x18c3, 0x18c3, 0x18c3, 0x18e3, 0x18c2, 0xa3a2, 0xfe22, 0xc4a2, 0x6241, 0x18c2, 0x0863, 0x10c3, 0x18e2, 0x20e3,
	0x2103, 0x2103, 0x2103, 0x2103, 0x20e3, 0x2103, 0x2103, 0x20e4, 0x20e3, 0x2103, 0x2103, 0x2103, 0x2103, 0x2103, 0x2103, 0x2103,
	0x2103, 0x2103, 0x2103, 0x2103, 0x2103, 0x2103, 0x2103, 0x2103, 0x2103, 0x2103, 0x2103, 0x2103, 0x2924, 0x2924, 0x2944, 0x2924,
	0x2924, 0x2924, 0x2944, 0x2944, 0x2924, 0x2924, 0x2924, 0x2924, 0x2924, 0x2924, 0x2924, 0x2924, 0x2924, 0x2924, 0x2924, 0x2924,
	0x2924, 0x2924, 0x2924, 0x2924, 0x2924, 0x2104, 0x2104, 0x2924, 0x2124, 0x2124, 0x2124, 0x18c3, 0xce59, 0xffff, 0xffff, 0xf669,
	0xfe20, 0xfe41, 0xfe40, 0xee44, 0xe717, 0xffff, 0xffff, 0xffff, 0xffff, 0xffff, 0xf79b, 0xf6f2, 0xf606, 0xf5a0, 0xfda0, 0xfdc0,
	0xfda0, 0xfd80, 0xfd60, 0xfde0, 0x82e2, 0x0021, 0x1082, 0x1081, 0x0882, 0x10a2, 0x0861, 0xb5b6, 0xffff, 0xffff, 0xf607, 0xfd80,
	0xfda0, 0xfde0, 0xbc22, 0x0842, 0x10a2, 0x0881, 0x18e3, 0x2124, 0x2103, 0x2103, 0x2103, 0x2103, 0x2943, 0x39a3, 0x2923, 0x18c4,
	0x18e4, 0x2104, 0x10a3, 0x8303, 0xfda1, 0xfda0, 0xfdc0, 0xfda0, 0x82a2, 0x20e4, 0x3144, 0x2904, 0x2103, 0x2103, 0x20e4, 0x0862,
	0x2145, 0x52ab, 0x5b0c, 0x52aa, 0x2965, 0x0841, 0x0861, 0x18e3, 0x18e3, 0x18e3, 0x18e3, 0x18c3, 0x3123, 0xac03, 0x5202, 0x0862,
	0x0862, 0x10c2, 0x18e3, 0x18e3, 0x18e3, 0x18e4, 0x2104, 0x2104, 0x2104, 0x2103, 0x20e3, 0x2103, 0x2103, 0x20e4, 0x2103, 0x2103,
	0x2103, 0x2103, 0x2103, 0x2103, 0x2103, 0x2103, 0x2103, 0x2103, 0x2103, 0x2103, 0x2103, 0x2103, 0x2103, 0x2103, 0x2103, 0x2103,
	0x2103, 0x2103, 0x2944, 0x2924, 0x2924, 0x2924, 0x2924, 0x2924, 0x2944, 0x2924, 0x2924, 0x2924, 0x2924, 0x2924, 0x2924, 0x2924,
	0x2924, 0x2924, 0x2924, 0x2924, 0x2924, 0x2924, 0x2924, 0x2924, 0x2924, 0x2924, 0x2924, 0x2924, 0x2924, 0x2924, 0x2124, 0x2104,
	0x2124, 0x18c3, 0xce59, 0xffff, 0xffff, 0xf66b, 0xfe20, 0xfe61, 0xfe80, 0xff08, 0xfffb, 0xffff, 0xffdd, 0xf779, 0xf713, 0xf66a,
	0xf5e2, 0xf5c0, 0xfdc0, 0xfdc0, 0xfda0, 0xfd80, 0xfd60, 0xfd60, 0xfde0, 0xa362, 0x0821, 0x1082, 0x1082, 0x0882, 0x1082, 0x18c3,
	0x0862, 0xb5b6, 0xffff, 0xffff, 0xf5e7, 0xfd80, 0xfda0, 0xfde0, 0xb3e1, 0x0842, 0x1082, 0x0881, 0x18e3, 0x2104, 0x2103, 0x2103,
	0x2103, 0x2124, 0x2924, 0x3144, 0x41c4, 0x2924, 0x10c4, 0x18e4, 0x2104, 0x10a3, 0x7ac3, 0xe4e2, 0x9342, 0x4982, 0x20e3, 0x20e3,
	0x2103, 0x2124, 0x2124, 0x20e4, 0x1082, 0x8451, 0xef9e, 0xffff, 0xffff, 0xffff, 0xf7df, 0xb5d8, 0x3a08, 0x0842, 0x18e3, 0x18e3,
	0x18c3, 0x18e3, 0x2103, 0x1082, 0x1083, 0x18e3, 0x18e3, 0x18e3, 0x18e3, 0x18e3, 0x2103, 0x2103, 0x2104, 0x2104, 0x2104, 0x2103,
	0x2103, 0x2103, 0x18e4, 0x20e3, 0x2103, 0x2103, 0x2103, 0x2103, 0x2103, 0x2103, 0x20e3, 0x2103, 0x2103, 0x2103, 0x2103, 0x2103,
	0x2103, 0x2103, 0x2103, 0x2103, 0x2103, 0x2103, 0x2102, 0x2103, 0x2924, 0x2924, 0x2924, 0x2924, 0x2924, 0x2924, 0x2924, 0x2924,
	0x2924, 0x2924, 0x2924, 0x2924, 0x2924, 0x2924, 0x2924, 0x2924, 0x2924, 0x2924, 0x2924, 0x2924, 0x2123, 0x2924, 0x2924, 0x2924,
	0x2924, 0x2924, 0x2924, 0x2904, 0x2104, 0x2104, 0x2124, 0x18c3, 0xce59, 0xffff, 0xffff, 0xf68b, 0xfe20, 0xfe61, 0xfea1, 0xff2b,
	0xff75, 0xf6cc, 0xf645, 0xf5e0, 0xfda0, 0xfdc0, 0xfde0, 0xfdc0, 0xfdc0, 0xfd80, 0xfd60, 0xfd40, 0xfda0, 0xfda1, 0x9302, 0x0842,
	0x0881, 0x1082, 0x1082, 0x0882, 0x10c3, 0x18e3, 0x0881, 0xb5b6, 0xffff, 0xffde, 0xf5e6, 0xfd80, 0xfda0, 0xfdc0, 0xb3e1, 0x0022,
	0x1082, 0x0881, 0x18e3, 0x2103, 0x2103, 0x2103, 0x2104, 0x2124, 0x2924, 0x2124, 0x2944, 0x41a4, 0x2923, 0x10a3, 0x18e3, 0x2104,
	0x18c3, 0x2122, 0x1083, 0x10a3, 0x18c3, 0x18c3, 0x18e3, 0x2124, 0x2103, 0x10a2, 0xa534, 0xffff, 0xffff, 0xffff, 0xffdd, 0xf799,
	0xf755, 0xffb1, 0xee49, 0x59e1, 0x0882, 0x18e3, 0x18c3, 0x20e3, 0x18e3, 0x20e3, 0x20e3, 0x20e3, 0x18e3, 0x18e3, 0x2103, 0x2104,
	0x2103, 0x2104, 0x2104, 0x2104, 0x2104, 0x2103, 0x2103, 0x20e3, 0x2103, 0x2103, 0x2103, 0x2103, 0x2103, 0x2103, 0x2103, 0x2103,
	0x2103, 0x2103, 0x2103, 0x2103, 0x2103, 0x2103, 0x2103, 0x2103, 0x2103, 0x2103, 0x2103, 0x2103, 0x2103, 0x18e3, 0x2924, 0x2924,
	0x2924, 0x2924, 0x2924, 0x2924, 0x2924, 0x2924, 0x2924, 0x2924, 0x2924, 0x2924, 0x2924, 0x2924, 0x2924, 0x2924, 0x2924, 0x2924,
	0x2924, 0x2924, 0x2924, 0x2924, 0x2123, 0x2924, 0x2924, 0x2924, 0x2924, 0x2904, 0x2124, 0x2104, 0x2104, 0x18c3, 0xce59, 0xffff,
	0xffff, 0xf68b, 0xfe00, 0xfe41, 0xfe41, 0xfe22, 0xfde1, 0xfdc0, 0xfdc0, 0xfde0, 0xfdc0, 0xfda0, 0xfda0, 0xfd80, 0xfd80, 0xfd80,
	0xfda0, 0xfdc0, 0xd4a2, 0x51c2, 0x0042, 0x10a2, 0x10a2, 0x1082, 0x0881, 0x10a2, 0x18e3, 0x18e3, 0x0881, 0xb5b6, 0xffff, 0xffde,
	0xf5e5, 0xfd80, 0xfd80, 0xfdc0, 0xbbe1, 0x0042, 0x1082, 0x0882, 0x18c3, 0x2103, 0x2103, 0x2103, 0x2103, 0x2104, 0x2124, 0x2124,
	0x2124, 0x2124, 0x2123, 0x10c2, 0x18e3, 0x18e3, 0x20e3, 0x18e3, 0x20e3, 0x18e3, 0x18e3, 0x18e3, 0x2104, 0x18e3, 0x18e3, 0xb5b6,
	0xffff, 0xffff, 0xffdf, 0xff74, 0xffec, 0xff45, 0xfe40, 0xf580, 0xfd80, 0xf521, 0x4142, 0x1083, 0x18c3, 0x18e3, 0x18e3, 0x20e3,
	0x20e3, 0x20e3, 0x20e3, 0x2103, 0x2103, 0x2103, 0x2103, 0x2104, 0x2104, 0x2104, 0x20e3, 0x20e3, 0x20e4, 0x20e4, 0x20e3, 0x2103,
	0x2103, 0x2103, 0x2103, 0x2103, 0x2103, 0x2103, 0x2103, 0x2103, 0x2103, 0x2103, 0x2103, 0x2103, 0x2103, 0x2103, 0x20e3, 0x2103,
	0x2103, 0x20e3, 0x20e3, 0x20e3, 0x2924, 0x2924, 0x2924, 0x2924, 0x2924, 0x2924, 0x2924, 0x2924, 0x2924, 0x2924, 0x2924, 0x2924,
	0x2924, 0x2924, 0x2924, 0x2924, 0x2924, 0x2924, 0x2924, 0x2924, 0x2924, 0x2123, 0x2123, 0x2123, 0x2924, 0x2924, 0x2104, 0x2103,
	0x2104, 0x2104, 0x2104, 0x18c3, 0xce79, 0xffff, 0xffff, 0xf68a, 0xfde0, 0xfe00, 0xfdc0, 0xfdc0, 0xfdc0, 0xfdc0, 0xfdc0, 0xfda0,
	0xfd80, 0xfd80, 0xfda0, 0xfdc0, 0xfde0, 0xf561, 0xc442, 0x6a62, 0x1062, 0x0042, 0x10a2, 0x10a2, 0x08a2, 0x0882, 0x1082, 0x18c3,
	0x18c3, 0x18e3, 0x1082, 0xbdd7, 0xffff, 0xffbc, 0xf5c2, 0xfd80, 0xfd80, 0xfdc0, 0xbc01, 0x0842, 0x1082, 0x0881, 0x18c3, 0x2103,
	0x18e3, 0x20e3, 0x2103, 0x2103, 0x2104, 0x2104, 0x2104, 0x1904, 0x18e3, 0x18e3, 0x18e3, 0x18c3, 0x20e3, 0x20e3, 0x18c3, 0x18e3,
	0x20e3, 0x2104, 0x18c3, 0x2104, 0xc638, 0xffff, 0xffff, 0xffdb, 0xfe27, 0xe580, 0x6ae3, 0x5285, 0xc4e5, 0xfe21, 0xf580, 0xfda0,
	0xa362, 0x0862, 0x18c3, 0x18c3, 0x2103, 0x20e3, 0x20e3, 0x20e3, 0x20e3, 0x20e3, 0x2103, 0x20e3, 0x2103, 0x2103, 0x2104, 0x2103,
	0x20e4, 0x20e3, 0x20e3, 0x2103, 0x20e3, 0x20e3, 0x20e3, 0x20e3, 0x20e3, 0x20e3, 0x2103, 0x2103, 0x2103, 0x2103, 0x20e3, 0x2103,
	0x2103, 0x20e3, 0x2103, 0x2103, 0x20e3, 0x2103, 0x2103, 0x20e3, 0x20e3, 0x20e3, 0x2924, 0x2924, 0x2924, 0x2924, 0x2924, 0x2924,
	0x2924, 0x2924, 0x2924, 0x2924, 0x2924, 0x2924, 0x2924, 0x2924, 0x2924, 0x2923, 0x2124, 0x2924, 0x2924, 0x2123, 0x2123, 0x2123,
	0x2123, 0x2103, 0x2103, 0x2123, 0x2103, 0x2103, 0x2103, 0x2104, 0x2104, 0x18e3, 0xce79, 0xffff, 0xffff, 0xf669, 0xfde0, 0xfde0,
	0xfda0, 0xfda0, 0xfda0, 0xfda0, 0xfd80, 0xfdc0, 0xfde0, 0xfdc0, 0xed01, 0xb3e2, 0x6a82, 0x3122, 0x0842, 0x0021, 0x0882, 0x10a2,
	0x08a2, 0x08a2, 0x08a2, 0x0882, 0x18c3, 0x18e3, 0x18c3, 0x18e3, 0x1082, 0xbdd7, 0xffff, 0xf779, 0xfda0, 0xfd80, 0xfd80, 0xfdc0,
	0xc421, 0x0842, 0x1082, 0x0881, 0x18c3, 0x20e3, 0x18e3, 0x2103, 0x1903, 0x1903, 0x18c3, 0x18e3, 0x18e3, 0x18e3, 0x18e3, 0x18e3,
	0x18e3, 0x18e3, 0x20e3, 0x20e3, 0x20e3, 0x20e3, 0x2104, 0x18c3, 0x2145, 0xce9a, 0xffff, 0xffff, 0xffb9, 0xfe64, 0xed40, 0x4162,
	0x0022, 0x0842, 0x2103, 0xe5e5, 0xfda0, 0xfd80, 0xcc41, 0x1082, 0x10a3, 0x10c3, 0x20e3, 0x20e3, 0x20e3, 0x18e3, 0x20e3, 0x20e3,
	0x20e3, 0x20e3, 0x2103, 0x2103, 0x2103, 0x2103, 0x20e3, 0x2103, 0x2103, 0x2103, 0x2103, 0x2103, 0x2103, 0x2103, 0x20e3, 0x20e3,
	0x2103, 0x2103, 0x20e4, 0x2103, 0x20e3, 0x18e3, 0x2103, 0x2103, 0x18e3, 0x20e3, 0x2103, 0x2103, 0x20e3, 0x20e3, 0x2103, 0x2103,
	0x2924, 0x2924, 0x2924, 0x2924, 0x2924, 0x2924, 0x2924, 0x2924, 0x2924, 0x2924, 0x2924, 0x2924, 0x2123, 0x2104, 0x2103, 0x2124,
	0x2924, 0x2123, 0x2924, 0x2924, 0x2924, 0x2123, 0x2103, 0x2103, 0x2103, 0x2103, 0x2103, 0x2124, 0x2104, 0x2104, 0x2104, 0x18c3,
	0xd699, 0xffff, 0xffff, 0xf668, 0xfdc0, 0xfdc0, 0xfda0, 0xfda0, 0xfde0, 0xfe00, 0xfdc1, 0xdd02, 0xa382, 0x59e2, 0x20c2, 0x0042,
	0x0021, 0x0841, 0x1082, 0x10a2, 0x08a2, 0x0882, 0x0881, 0x0882, 0x10a2, 0x18c2, 0x18e3, 0x18e3, 0x18e3, 0x20e3, 0x1082, 0xbdf7,
	0xffff, 0xf735, 0xfd60, 0xfd60, 0xfd60, 0xfdc0, 0xcc62, 0x0842, 0x1082, 0x0861, 0x18c3, 0x2104, 0x18c3, 0x0861, 0x0861, 0x0861,
	0x2124, 0x2124, 0x18c3, 0x18e3, 0x18e3, 0x18e3, 0x18e3, 0x18e3, 0x20e3, 0x20e3, 0x20e3, 0x2104, 0x10a2, 0x2966, 0xd6db, 0xffff,
	0xffff, 0xf797, 0xfe83, 0xdce0, 0x3102, 0x0042, 0x10a3, 0x18e3, 0x0822, 0xb4e6, 0xfe00, 0xfd60, 0xdca1, 0x1882, 0x08a3, 0x10a3,
	0x18c3, 0x2103, 0x20e3, 0x20e3, 0x20e3, 0x20e3, 0x20e3, 0x20e3, 0x2103, 0x20e3, 0x20e3, 0x2103, 0x2103, 0x2103, 0x20e3, 0x2103,
	0x2103, 0x2103, 0x2103, 0x2103, 0x20e3, 0x20e3, 0x20e3, 0x20e3, 0x2103, 0x2103, 0x2103, 0x20e3, 0x2103, 0x20e3, 0x20e3, 0x2103,
	0x20e3, 0x20e3, 0x2103, 0x2103, 0x2103, 0x2103, 0x2924, 0x2924, 0x2924, 0x2924, 0x2924, 0x2924, 0x2924, 0x2924, 0x2924, 0x2924,
	0x2924, 0x2924, 0x2123, 0x2104, 0x2104, 0x2103, 0x2924, 0x2123, 0x2924, 0x2104, 0x2104, 0x2123, 0x2103, 0x2103, 0x2104, 0x2103,
	0x2124, 0x2103, 0x2104, 0x2104, 0x2104, 0x18c3, 0xd699, 0xffff, 0xffff, 0xf627, 0xfda0, 0xfda0, 0xfda0, 0xfd80, 0xcc61, 0x8ae2,
	0x49a2, 0x10a2, 0x0021, 0x0042, 0x0882, 0x10a3, 0x10a2, 0x1082, 0x0861, 0x1081, 0x1082, 0x10a2, 0x10a2, 0x10a2, 0x18c3, 0x18c3,
	0x18e3, 0x18e3, 0x18e3, 0x20e3, 0x10a2, 0xbdd7, 0xffff, 0xf68e, 0xfd60, 0xfde0, 0xfde0, 0xfda1, 0x9b83, 0x0842, 0x1082, 0x0861,
	0x2104, 0x18e3, 0x2945, 0x9cd3, 0xb5b7, 0xd6db, 0xad75, 0x2124, 0x10c3, 0x18e3, 0x18e3, 0x18e3, 0x20e3, 0x20e3, 0x20e3, 0x20e3,
	0x2104, 0x1082, 0x3186, 0xdefb, 0xffff, 0xffff, 0xf775, 0xfea1, 0xcc81, 0x18c2, 0x0043, 0x10a3, 0x10a3, 0x0022, 0x3983, 0xe666,
	0xfd80, 0xfda0, 0xdcc1, 0x18a2, 0x0883, 0x1082, 0x10c2, 0x2103, 0x20e3, 0x20e3, 0x20e3, 0x20e3, 0x20e3, 0x2103, 0x2103, 0x2103,
	0x2103, 0x20e3, 0x20e3, 0x20e3, 0x20e3, 0x2103, 0x2103, 0x20e3, 0x2103, 0x20e4, 0x20e3, 0x2103, 0x2103, 0x2103, 0x2103, 0x2103,
	0x2103, 0x2103, 0x2103, 0x20e3, 0x2103, 0x2103, 0x2103, 0x20e3, 0x20e3, 0x20e3, 0x2103, 0x2103, 0x2924, 0x2924, 0x2924, 0x2924,
	0x2924, 0x2924, 0x2924, 0x2924, 0x2924, 0x2924, 0x2924, 0x2924, 0x2924, 0x2924, 0x2924, 0x2924, 0x2924, 0x2123, 0x2924, 0x2103,
	0x2103, 0x2103, 0x2103, 0x2103, 0x2103, 0x2104, 0x2104, 0x2103, 0x2103, 0x2103, 0x2103, 0x18c3, 0xce79, 0xffff, 0xffff, 0xf626,
	0xfda0, 0xfda0, 0xfdc0, 0xc422, 0x1041, 0x0042, 0x0062, 0x0882, 0x10a2, 0x10a2, 0x1082, 0x0882, 0x1082, 0x10a2, 0x10a2, 0x18c3,
	0x18c3, 0x18c3, 0x18c3, 0x18c3, 0x18e3, 0x18e3, 0x20e3, 0x18e3, 0x18e3, 0x2103, 0x1082, 0xc618, 0xffff, 0xfe05, 0xed20, 0xb402,
	0x6a82, 0x3121, 0x1062, 0x1062, 0x1082, 0x1082, 0x1082, 0x2966, 0xce79, 0xffff, 0xffff, 0xa554, 0x2124, 0x1082, 0x18c3, 0x18c3,
	0x18c3, 0x18e3, 0x20e3, 0x20e3, 0x20e3, 0x2104, 0x1082, 0x39e7, 0xe75d, 0xffff, 0xffff, 0xf754, 0xfe80, 0xb441, 0x1062, 0x0862,
	0x10a3, 0x10a2, 0x0022, 0x5243, 0xee45, 0xfdc1, 0xf540, 0xfdc0, 0xd4a1, 0x1082, 0x10a3, 0x1082, 0x10a2, 0x18e3, 0x20e3, 0x20e3,
	0x20e3, 0x20e3, 0x20e3, 0x20e3, 0x20e3, 0x20e3, 0x2103, 0x20e3, 0x20e3, 0x20e3, 0x20e3, 0x2103, 0x2103, 0x20e3, 0x20e3, 0x20e3,
	0x20e3, 0x20e3, 0x2103, 0x2103, 0x2103, 0x2103, 0x2103, 0x2103, 0x2103, 0x2103, 0x2103, 0x2103, 0x2103, 0x2103, 0x20e3, 0x20e3,
	0x2103, 0x2103, 0x2924, 0x2924, 0x2123, 0x2924, 0x2924, 0x2924, 0x2924, 0x2924, 0x2924, 0x2123, 0x2924, 0x2924, 0x2123, 0x2924,
	0x2924, 0x2924, 0x2924, 0x2123, 0x2103, 0x2103, 0x2103, 0x2104, 0x2924, 0x2103, 0x2103, 0x2104, 0x2104, 0x2104, 0x2103, 0x2103,
	0x2103, 0x18c3, 0xce79, 0xffff, 0xfffe, 0xf606, 0xfda0, 0xfda0, 0xfdc0, 0xbbe1, 0x0842, 0x10c2, 0x10a2, 0x10a2, 0x0881, 0x10a2,
	0x10a2, 0x10a2, 0x18c2, 0x18e3, 0x18e3, 0x18e3, 0x18e3, 0x18e3, 0x18c3, 0x18c3, 0x18e3, 0x18e3, 0x18e3, 0x18e3, 0x18e3, 0x2103,
	0x18a2, 0x94b2, 0x9cae, 0x59e1, 0x20c2, 0x0022, 0x0021, 0x0842, 0x0882, 0x1082, 0x10a2, 0x0000, 0x39e8, 0xdf1c, 0xffff, 0xdefb,
	0x52aa, 0x0840, 0x1082, 0x18c3, 0x10c2, 0x10c2, 0x18c3, 0x20e3, 0x20e3, 0x20e3, 0x2103, 0x1082, 0x3a07, 0xef7e, 0xffff, 0xffff,
	0xf732, 0xfe80, 0xb462, 0x0842, 0x0862, 0x10a2, 0x10a3, 0x0022, 0x7b84, 0xfec4, 0xfda0, 0xf500, 0xf560, 0xfe21, 0x9b42, 0x0042,
	0x10a2, 0x1083, 0x10a2, 0x18e3, 0x2104, 0x2103, 0x20e3, 0x20e3, 0x20e3, 0x20e3, 0x20e3, 0x20e3, 0x2103, 0x20e3, 0x2103, 0x2103,
	0x20e3, 0x2103, 0x2103, 0x20e4, 0x20e3, 0x20e3, 0x20e3, 0x20e3, 0x20e3, 0x2103, 0x2103, 0x2103, 0x2103, 0x2103, 0x2103, 0x2103,
	0x2103, 0x20e3, 0x18e3, 0x2103, 0x18e3, 0x20e3, 0x2103, 0x2103, 0x2924, 0x2103, 0x2123, 0x2924, 0x2924, 0x2924, 0x2924, 0x2924,
	0x2924, 0x2924, 0x2123, 0x2924, 0x2123, 0x2903, 0x2904, 0x2103, 0x2103, 0x2123, 0x2103, 0x2103, 0x2103, 0x2103, 0x2104, 0x2103,
	0x2103, 0x2104, 0x2103, 0x2103, 0x2103, 0x2103, 0x2103, 0x18c3, 0xce79, 0xffff, 0xffde, 0xf605, 0xfda0, 0xfd80, 0xfda0, 0xbbc1,
	0x0042, 0x10a2, 0x1082, 0x10a3, 0x18c3, 0x18c3, 0x18c3, 0x18e3, 0x20e3, 0x20e3, 0x18e3, 0x18e3, 0x18e3, 0x18e3, 0x18c3, 0x18c3,
	0x18c3, 0x18e3, 0x18e3, 0x18e3, 0x18e3, 0x18e3, 0x20e3, 0x10a2, 0x0020, 0x0042, 0x0862, 0x10a2, 0x1082, 0x1082, 0x0882, 0x10a2,
	0x0000, 0x5acb, 0xf7be, 0xffff, 0xbdf7, 0x3186, 0x10a2, 0x10c2, 0x10a2, 0x10a2, 0x10a2, 0x18c2, 0x18e3, 0x18e3, 0x20e3, 0x2103,
	0x10a1, 0x39e7, 0xef7d, 0xffff, 0xffff, 0xf731, 0xfe80, 0xb442, 0x1062, 0x0882, 0x10a3, 0x0882, 0x0862, 0x9466, 0xfec5, 0xf540,
	0xf520, 0xf560, 0xfde1, 0x9b82, 0x1082, 0x08a2, 0x10a2, 0x1083, 0x10a2, 0x18e3, 0x20e3, 0x18e3, 0x20e3, 0x20e3, 0x20e3, 0x20e3,
	0x20e3, 0x20e3, 0x2103, 0x20e3, 0x20e3, 0x2103, 0x2103, 0x20e3, 0x2103, 0x20e3, 0x20e3, 0x20e3, 0x20e3, 0x20e3, 0x20e3, 0x2103,
	0x20e4, 0x2103, 0x2103, 0x2103, 0x2103, 0x2103, 0x2103, 0x20e3, 0x2103, 0x2103, 0x2103, 0x20e3, 0x2103, 0x20e3, 0x2124, 0x2924,
	0x2104, 0x2124, 0x2924, 0x2904, 0x2904, 0x2924, 0x2924, 0x2903, 0x2904, 0x2104, 0x2103, 0x2103, 0x2103, 0x2103, 0x2104, 0x2103,
	0x2103, 0x2103, 0x2103, 0x2103, 0x2103, 0x2104, 0x2104, 0x2104, 0x2103, 0x2103, 0x2103, 0x2103, 0x2103, 0x18c2, 0xce79, 0xffff,
	0xffde, 0xf5c4, 0xfd80, 0xfd80, 0xfdc0, 0xb3c1, 0x0042, 0x10a2, 0x0882, 0x18c3, 0x2103, 0x18e3, 0x18e3, 0x20e3, 0x20e3, 0x20e3,
	0x20e3, 0x18e3, 0x18c3, 0x18e3, 0x18c3, 0x18c3, 0x18c3, 0x18e3, 0x18e3, 0x18e3, 0x18e3, 0x18e3, 0x18e3, 0x18e3, 0x18c2, 0x10a1,
	0x1081, 0x1082, 0x1062, 0x10a2, 0x10c2, 0x0041, 0x73cf, 0xffff, 0xffff, 0xa514, 0x2103, 0x10c2, 0x10a2, 0x08a2, 0x08a2, 0x0881,
	0x10a2, 0x18e3, 0x18e3, 0x20e3, 0x2103, 0x10c2, 0x31a6, 0xef5c, 0xffff, 0xf7ff, 0xf731, 0xfe60, 0xabe2, 0x0862, 0x0882, 0x10a2,
	0x1083, 0x1082, 0xb507, 0xfea4, 0xf4e0, 0xf520, 0xfd60, 0xfd82, 0x72a2, 0x0041, 0x0881, 0x10a2, 0x10a3, 0x0882, 0x10a2, 0x18e3,
	0x20e3, 0x20e3, 0x20e3, 0x20e3, 0x20e3, 0x20e3, 0x20e3, 0x20e3, 0x2103, 0x20e3, 0x20e3, 0x20e3, 0x2103, 0x20e3, 0x20e3, 0x20e3,
	0x20e3, 0x20e3, 0x20e3, 0x20e3, 0x20e3, 0x2103, 0x20e3, 0x2103, 0x2103, 0x2103, 0x2103, 0x2102, 0x20e3, 0x20e3, 0x2103, 0x2103,
	0x2103, 0x2103, 0x2103, 0x2103, 0x2104, 0x2924, 0x2103, 0x2103, 0x2103, 0x2904, 0x2904, 0x2903, 0x2924, 0x2924, 0x2103, 0x2103,
	0x2103, 0x2103, 0x2123, 0x2103, 0x2103, 0x2103, 0x2103, 0x2103, 0x2103, 0x2103, 0x2103, 0x2103, 0x2103, 0x2104, 0x2104, 0x2103,
	0x2103, 0x2103, 0x20e3, 0x18c3, 0xd699, 0xffff, 0xffdd, 0xf5c4, 0xfd80, 0xfd60, 0xfda0, 0xb3c1, 0x0041, 0x10a2, 0x0882, 0x10c3,
	0x2103, 0x18e3, 0x20e3, 0x20e3, 0x20e3, 0x20e3, 0x20e3, 0x18e3, 0x18c3, 0x18c3, 0x18c3, 0x18c3, 0x18e3, 0x18e3, 0x20e3, 0x18e3,
	0x18c2, 0x18e3, 0x18e3, 0x18e3, 0x18c2, 0x1082, 0x1082, 0x10a2, 0x18c3, 0x18c3, 0x10a2, 0x9492, 0xffff, 0xffff, 0x7bef, 0x10c2,
	0x18c3, 0x10a2, 0x08a2, 0x08a2, 0x1082, 0x18c2, 0x18e3, 0x18e3, 0x18e3, 0x2103, 0x18a2, 0x2944, 0xdefb, 0xffff, 0xffff, 0xff93,
	0xfe61, 0x8342, 0x0862, 0x1082, 0x18a3, 0x0862, 0x10a2, 0xbd46, 0xfe62, 0xece0, 0xf520, 0xfd80, 0xfd81, 0x6223, 0x0022, 0x10a2,
	0x08a2, 0x08a2, 0x0882, 0x10a2, 0x18c3, 0x20e3, 0x20e3, 0x20e3, 0x20e3, 0x20e3, 0x20e3, 0x20e3, 0x20e3, 0x20e3, 0x20e3, 0x2103,
	0x2103, 0x20e3, 0x20e3, 0x20e3, 0x20e3, 0x20e3, 0x20e3, 0x20e3, 0x2103, 0x20e3, 0x20e3, 0x20e3, 0x20e3, 0x20e3, 0x20e3, 0x2103,
	0x20e3, 0x2103, 0x2103, 0x2103, 0x2103, 0x2103, 0x2103, 0x2103, 0x2103, 0x2103, 0x2104, 0x2924, 0x2104, 0x2104, 0x2104, 0x2103,
	0x2103, 0x2103, 0x2103, 0x2904, 0x2103, 0x2103, 0x2103, 0x2103, 0x2103, 0x2103, 0x2103, 0x2103, 0x2103, 0x2103, 0x2103, 0x2103,
	0x2104, 0x2104, 0x2103, 0x2104, 0x2104, 0x2104, 0x2103, 0x2103, 0x2103, 0x18c3, 0xd699, 0xffff, 0xffbc, 0xf5a3, 0xfd80, 0xfd60,
	0xfda0, 0xb3a1, 0x0041, 0x10a2, 0x0882, 0x10c3, 0x2103, 0x18e3, 0x20e3, 0x20e3, 0x20e3, 0x20e3, 0x20e3, 0x18e3, 0x18c3, 0x18e3,
	0x20e3, 0x20c3, 0x18e3, 0x18c3, 0x18c3, 0x2103, 0x20e3, 0x10a2, 0x18e3, 0x18c3, 0x18e3, 0x18e3, 0x18e3, 0x2103, 0x10a2, 0x18e3,
	0xad75, 0xffff, 0xf79e, 0x52aa, 0x0861, 0x10c2, 0x08a1, 0x08a2, 0x08a1, 0x10a2, 0x1903, 0x2104, 0x18e3, 0x18e3, 0x18e3, 0x10a2,
	0x2103, 0xd699, 0xffff, 0xffdf, 0xfffb, 0xd564, 0x5222, 0x0063, 0x10a3, 0x10c2, 0x0862, 0x20e3, 0xcd67, 0xfe22, 0xf500, 0xf540,
	0xfd80, 0xf541, 0x49c2, 0x0021, 0x10a2, 0x08a2, 0x1082, 0x0881, 0x10a2, 0x18e3, 0x20e3, 0x20e3, 0x20e3, 0x20e3, 0x18c3, 0x18c3,
	0x18c3, 0x20e3, 0x20e3, 0x20e3, 0x20e3, 0x2103, 0x2103, 0x20e3, 0x20e3, 0x20e3, 0x20e3, 0x20e3, 0x20e3, 0x20e3, 0x20e3, 0x20e3,
	0x20e3, 0x20e3, 0x2103, 0x2103, 0x20e3, 0x20e3, 0x18e3, 0x2103, 0x2103, 0x2103, 0x2103, 0x2103, 0x2103, 0x2102, 0x2103, 0x2103,
	0x2103, 0x2104, 0x2103, 0x2104, 0x2103, 0x2103, 0x2103, 0x2103, 0x2924, 0x2103, 0x2103, 0x2123, 0x2103, 0x2103, 0x2123, 0x2103,
	0x2104, 0x2103, 0x2103, 0x2103, 0x2103, 0x2104, 0x2103, 0x2104, 0x2104, 0x2104, 0x2103, 0x2103, 0x2103, 0x2103, 0x2103, 0x18c3,
	0xce79, 0xffff, 0xf7bb, 0xfda3, 0xfd80, 0xfd40, 0xfda0, 0xb3a1, 0x0042, 0x10a2, 0x0882, 0x18c3, 0x2103, 0x18e3, 0x18e3, 0x18e3,
	0x18e3, 0x18e3, 0x18e3, 0x18e3, 0x20e3, 0x20e3, 0x20e3, 0x20e3, 0x18e3, 0x18e3, 0x0000, 0x8c92, 0xbdf7, 0x0841, 0x18e3, 0x18e3,
	0x18e3, 0x18e3, 0x2104, 0x10a2, 0x2945, 0xc659, 0xffff, 0xe71c, 0x4208, 0x0861, 0x18c2, 0x1081, 0x10a2, 0x10a1, 0x08a1, 0x18e3,
	0x2104, 0x1082, 0x1082, 0x18e3, 0x18a2, 0x3186, 0xce79, 0xffff, 0xf7bf, 0xffff, 0xa4f0, 0x1882, 0x0883, 0x18c3, 0x18c2, 0x0863,
	0x3143, 0xdda7, 0xfe02, 0xf500, 0xf540, 0xfda0, 0xe4e1, 0x3962, 0x0042, 0x10a1, 0x08a2, 0x08a2, 0x0881, 0x10a2, 0x18e3, 0x2103,
	0x20e3, 0x20e3, 0x20e3, 0x18c3, 0x18e3, 0x18c3, 0x18c3, 0x1082, 0x0861, 0x18c3, 0x20e3, 0x20e3, 0x20e3, 0x2103, 0x20e3, 0x20e3,
	0x20e4, 0x20e3, 0x20e3, 0x20e3, 0x20e3, 0x20e3, 0x20e3, 0x20e3, 0x2103, 0x2103, 0x20e3, 0x20e3, 0x2103, 0x2103, 0x2103, 0x2103,
	0x2103, 0x2103, 0x2103, 0x2103, 0x2103, 0x2103, 0x2104, 0x2103, 0x2104, 0x2104, 0x2103, 0x2103, 0x2103, 0x2103, 0x2104, 0x2103,
	0x2103, 0x2103, 0x2103, 0x2123, 0x2123, 0x2123, 0x2104, 0x2103, 0x2103, 0x2103, 0x2103, 0x2104, 0x2104, 0x2103, 0x2103, 0x2103,
	0x2103, 0x2103, 0x2103, 0x2103, 0x2104, 0x18c3, 0xce79, 0xffff, 0xf799, 0xfd81, 0xfd60, 0xfd40, 0xfda0, 0xb3c2, 0x0041, 0x1082,
	0x0882, 0x18c3, 0x2103, 0x20e3, 0x18e3, 0x18e3, 0x18e3, 0x20e3, 0x20e3, 0x18e3, 0x1903, 0x20e3, 0x20e3, 0x20e3, 0x20e3, 0x0020,
	0x4a8a, 0xffff, 0xffff, 0x8410, 0x0020, 0x18e3, 0x18c3, 0x18e3, 0x0861, 0x2986, 0xdedb, 0xffff, 0xd69a, 0x31a6, 0x1082, 0x18c2,
	0x10a1, 0x18a2, 0x1881, 0x18a2, 0x18e3, 0x10a2, 0x2124, 0xad96, 0x4a8a, 0x0041, 0x0882, 0x52aa, 0xffff, 0xffff, 0xffff, 0xfffc,
	0x8305, 0x0062, 0x18e3, 0x18c2, 0x0063, 0x3982, 0xe563, 0xfda0, 0xf520, 0xfd40, 0xfdc0, 0xd482, 0x28e2, 0x0061, 0x10c2, 0x1082,
	0x0882, 0x10a2, 0x10c2, 0x18e3, 0x18e3, 0x18e3, 0x18e3, 0x18e3, 0x18c3, 0x18c3, 0x18c3, 0x18c2, 0x10a2, 0x39e8, 0x634d, 0x2104,
	0x20c3, 0x20e3, 0x20e3, 0x20e3, 0x20e3, 0x2103, 0x2103, 0x20e3, 0x18e3, 0x20e3, 0x20e3, 0x20e3, 0x20e3, 0x20e3, 0x2103, 0x2103,
	0x2103, 0x2103, 0x18e3, 0x2103, 0x2103, 0x2103, 0x2103, 0x2103, 0x2103, 0x20e3, 0x20e3, 0x2103, 0x2104, 0x2104, 0x2103, 0x2104,
	0x2104, 0x2103, 0x2103, 0x2103, 0x2103, 0x2104, 0x2103, 0x2103, 0x2103, 0x2103, 0x2103, 0x2103, 0x2104, 0x2103, 0x2103, 0x2103,
	0x2103, 0x2103, 0x2103, 0x2103, 0x2103, 0x2103, 0x2104, 0x2104, 0x2103, 0x20e3, 0x2103, 0x18c2, 0xce79, 0xffff, 0xf757, 0xfd40,
	0xfd60, 0xfd40, 0xfda0, 0xb3c2, 0x0042, 0x10a2, 0x0882, 0x18e3, 0x2103, 0x2103, 0x20e3, 0x20e3, 0x20e3, 0x20e3, 0x20e3, 0x18e3,
	0x20e3, 0x20e3, 0x18e3, 0x18e3, 0x0020, 0x4269, 0xf7be, 0xffff, 0xffff, 0xffff, 0x632c, 0x0000, 0x18c3, 0x1082, 0x4a8a, 0xe75d,
	0xffff, 0xc5f7, 0x2945, 0x18c3, 0x18c3, 0x18a2, 0x18a2, 0x1881, 0x18a2, 0x18c3, 0x10a2, 0x3a08, 0xd6bb, 0xffff, 0xf7df, 0x4a6a,
	0x0041, 0x0861, 0x6b6d, 0xffff, 0xffff, 0xee2c, 0xfd60, 0x7ae3, 0x0863, 0x10a2, 0x6221, 0xed21, 0xfd40, 0xf500, 0xfd60, 0xfde0,
	0xb3e2, 0x1881, 0x0862, 0x10a2, 0x08a2, 0x10a2, 0x10c2, 0x18e3, 0x18e3, 0x18c3, 0x18e3, 0x18c2, 0x1081, 0x0841, 0x10a2, 0x10c2,
	0x10c3, 0x0861, 0xa514, 0xffff, 0x94d3, 0x0881, 0x20e3, 0x20e3, 0x20e3, 0x20e3, 0x20e3, 0x20e3, 0x2103, 0x2103, 0x18e3, 0x20e3,
	0x20e3, 0x20e3, 0x20e3, 0x20e3, 0x2103, 0x20e3, 0x20e3, 0x2103, 0x18e3, 0x2103, 0x2103, 0x2103, 0x2103, 0x2103, 0x2103, 0x2103,
	0x2103, 0x20e3, 0x2103, 0x2103, 0x2104, 0x2104, 0x2104, 0x2103, 0x2103, 0x2103, 0x2103, 0x2104, 0x2103, 0x2103, 0x2103, 0x2103,
	0x2103, 0x2104, 0x2103, 0x2103, 0x2103, 0x2103, 0x2103, 0x2103, 0x2103, 0x2103, 0x2103, 0x2103, 0x2103, 0x2103, 0x2103, 0x20e3,
	0x2103, 0x18c2, 0xce58, 0xffff, 0xf6d1, 0xfd00, 0xfd40, 0xfd60, 0xfe00, 0xc422, 0x0821, 0x10a2, 0x1082, 0x18e3, 0x2104, 0x2103,
	0x2103, 0x2103, 0x2103, 0x18e3, 0x18e3, 0x18e3, 0x18e3, 0x18e3, 0x18e3, 0x10a2, 0x6b8e, 0xffff, 0xffff, 0xffff, 0xffff, 0xffff,
	0xffff, 0x5aeb, 0x0020, 0x0861, 0xa514, 0xffff, 0xb595, 0x2124, 0x20e3, 0x18c3, 0x18a2, 0x18a2, 0x18a2, 0x18a2, 0x18c2, 0x18e3,
	0x1081, 0x4249, 0xffff, 0xffff, 0xffff, 0xffff, 0x52ca, 0x0841, 0x0861, 0x630d, 0xeef4, 0xf540, 0xfd40, 0xfd81, 0xb3c1, 0xc401,
	0xfd20, 0xfd20, 0xf500, 0xfd60, 0xfde1, 0x9b62, 0x0841, 0x0882, 0x10a2, 0x0882, 0x10a2, 0x18c3, 0x18e3, 0x18e3, 0x18e3, 0x18c2,
	0x18c2, 0x2144, 0x39c7, 0x4208, 0x1082, 0x0882, 0x0041, 0x39e7, 0xffff, 0xef5d, 0x1904, 0x10c2, 0x18e3, 0x20e3, 0x20e3, 0x20e2,
	0x20c3, 0x20e3, 0x2103, 0x2103, 0x20e3, 0x20e3, 0x20e3, 0x20e3, 0x20e3, 0x20e3, 0x2103, 0x18e3, 0x20e3, 0x2103, 0x2103, 0x2103,
	0x2103, 0x2103, 0x2103, 0x2103, 0x2103, 0x20e3, 0x2103, 0x20e3, 0x2103, 0x2103, 0x2103, 0x2103, 0x2103, 0x2103, 0x2103, 0x2103,
	0x2104, 0x2103, 0x2103, 0x2103, 0x2104, 0x2103, 0x2103, 0x2103, 0x2104, 0x2103, 0x2103, 0x2103, 0x2103, 0x2103, 0x2103, 0x2103,
	0x2103, 0x2103, 0x2103, 0x2103, 0x2103, 0x2103, 0x2104, 0x18c2, 0xce38, 0xffff, 0xfe48, 0xfda0, 0xfdc1, 0xed21, 0xbc22, 0x6222,
	0x0862, 0x1082, 0x0881, 0x18e3, 0x2124, 0x2124, 0x18c3, 0x0883, 0x0883, 0x18c3, 0x18c3, 0x18c3, 0x18c3, 0x18e3, 0x0861, 0x73ae,
	0xffff, 0xffff, 0xffff, 0xffff, 0xffff, 0xffff, 0xffff, 0xffff, 0x5acb, 0x0000, 0x10e3, 0x7bef, 0x2945, 0x18e3, 0x18c3, 0x18a3,
	0x18a2, 0x18a2, 0x18a2, 0x18c2, 0x18e3, 0x18e3, 0x18e3, 0x0041, 0x4248, 0xffff, 0xffff, 0xfffe, 0xfffa, 0x5aa6, 0x0861, 0x0862,
	0x4162, 0xece1, 0xfd80, 0xf540, 0xfd60, 0xfd40, 0xf500, 0xf520, 0xfda0, 0xf562, 0x7aa2, 0x0041, 0x08a2, 0x10a2, 0x0882, 0x10a2,
	0x18c3, 0x18e4, 0x18e3, 0x0881, 0x0040, 0x10c3, 0x0861, 0x29a6, 0xef9e, 0xffff, 0xb5b6, 0x1082, 0x0000, 0xa555, 0xffff, 0x7bef,
	0x0021, 0x18e3, 0x18e3, 0x20e3, 0x20e3, 0x20e3, 0x20e3, 0x20e3, 0x20e3, 0x20e3, 0x20e3, 0x2103, 0x2103, 0x2103, 0x2103, 0x20e3,
	0x2103, 0x2103, 0x2103, 0x2103, 0x2103, 0x18e3, 0x2103, 0x2103, 0x2103, 0x2103, 0x2103, 0x20e3, 0x18e3, 0x2103, 0x2103, 0x2103,
	0x2103, 0x2103, 0x2103, 0x2103, 0x2103, 0x2103, 0x2103, 0x2103, 0x2103, 0x2103, 0x2104, 0x2103, 0x2103, 0x2103, 0x2103, 0x2103,
	0x2103, 0x2103, 0x2103, 0x2103, 0x2103, 0x2103, 0x2103, 0x2104, 0x2103, 0x2103, 0x2103, 0x2103, 0x2104, 0x10a2, 0xd6bb, 0xfff8,
	0xd4c1, 0xa3a2, 0x5a22, 0x20e2, 0x0842, 0x0042, 0x10a2, 0x10a2, 0x1082, 0x10c3, 0x10a3, 0x10a3, 0x31c3, 0x7be5, 0xa527, 0x2102,
	0x10c2, 0x18e3, 0x18e3, 0x1903, 0x18e3, 0x2124, 0x9cf4, 0xffff, 0xffff, 0xffff, 0xffff, 0xffff, 0xffdf, 0xffff, 0xffff, 0x62e9,
	0x0000, 0x0041, 0x18c3, 0x10a3, 0x10a3, 0x10c3, 0x18c3, 0x18c3, 0x18c3, 0x18e3, 0x18c2, 0x18c2, 0x18c2, 0x2103, 0x0861, 0x4a6a,
	0xffff, 0xfffb, 0xfff4, 0xfff2, 0x62a4, 0x0862, 0x0883, 0x4962, 0xecc2, 0xfd40, 0xece0, 0xf520, 0xfd80, 0xf562, 0xabc2, 0x3942,
	0x0041, 0x10a2, 0x10a2, 0x10a2, 0x10a3, 0x10c3, 0x18c3, 0x18c3, 0x10a2, 0x4208, 0xa514, 0x94b3, 0x0841, 0x0020, 0x632d, 0xffff,
	0xffff, 0x8c51, 0x2945, 0xffff, 0xe75d, 0x1904, 0x10a2, 0x18c3, 0x18c3, 0x18e3, 0x20e3, 0x20e3, 0x20e3, 0x20e3, 0x20e3, 0x20e3,
	0x2103, 0x2103, 0x20e3, 0x2103, 0x20e3, 0x20e3, 0x2103, 0x2103, 0x2103, 0x2103, 0x20e3, 0x20e3, 0x2103, 0x2103, 0x20e3, 0x20e3,
	0x20e3, 0x2103, 0x20e3, 0x20e3, 0x2103, 0x2103, 0x2103, 0x2103, 0x2103, 0x2103, 0x2103, 0x2103, 0x2103, 0x2103, 0x2103, 0x2103,
	0x2104, 0x2103, 0x2104, 0x2103, 0x2103, 0x2103, 0x2103, 0x2103, 0x2104, 0x2103, 0x2103, 0x2103, 0x2103, 0x2103, 0x2104, 0x2103,
	0x2103, 0x20e3, 0x2103, 0x1903, 0x634d, 0x4205, 0x10a1, 0x0022, 0x0021, 0x0882, 0x10a2, 0x10a3, 0x0862, 0x0022, 0x0841, 0x3182,
	0x7364, 0xbda5, 0xff87, 0xffc7, 0xacc5, 0x18a2, 0x18e3, 0x10a2, 0x1082, 0x10a2, 0x10c2, 0x18c2, 0x0841, 0x7bcf, 0xffff, 0xffff,
	0xffff, 0xffff, 0xffff, 0xf7b9, 0xf66a, 0xfe04, 0x82e1, 0x0842, 0x0862, 0x10a3, 0x1083, 0x10a2, 0x18c3, 0x18e3, 0x20e3, 0x18e3,
	0x18e3, 0x18e3, 0x18e3, 0x20e3, 0x10a2, 0x0000, 0x4a4a, 0xffde, 0xfff2, 0xff87, 0xfe82, 0x6a43, 0x0842, 0x1083, 0x3902, 0xcc42,
	0xfd20, 0xf501, 0x9342, 0x3942, 0x0041, 0x0862, 0x18c3, 0x10a3, 0x0882, 0x0862, 0x10a3, 0x10a3, 0x10a3, 0x10c3, 0x0020, 0x9cd3,
	0xffff, 0xb5b6, 0x0000, 0x10a2, 0x0020, 0x9cf3, 0xffff, 0xef7d, 0xc659, 0xffff, 0x73cf, 0x0021, 0x18e3, 0x18c3, 0x18e3, 0x20e3,
	0x20e3, 0x20e3, 0x20e3, 0x20e3, 0x20e3, 0x20e3, 0x2103, 0x2103, 0x2103, 0x20e3, 0x20e3, 0x20e3, 0x20e3, 0x2103, 0x2103, 0x2103,
	0x2103, 0x2103, 0x2103, 0x2103, 0x20e3, 0x20e3, 0x20e3, 0x2103, 0x20e3, 0x20c3, 0x2103, 0x2103, 0x2103, 0x2103, 0x2103, 0x2103,
	0x2103, 0x2103, 0x2103, 0x2103, 0x2103, 0x2103, 0x2103, 0x2103, 0x2103, 0x2103, 0x2103, 0x2103, 0x2103, 0x2104, 0x2103, 0x2103,
	0x2103, 0x2103, 0x2103, 0x2103, 0x20e3, 0x2103, 0x2103, 0x2103, 0x2103, 0x2103, 0x1082, 0x0862, 0x10a3, 0x18a3, 0x10a2, 0x0063,
	0x0022, 0x0843, 0x2922, 0x6ae2, 0xc543, 0xff25, 0xffe6, 0xfea5, 0xac43, 0x49c2, 0x10a2, 0x18e3, 0x0881, 0x31c6, 0x39e7, 0x2986,
	0x2124, 0x0861, 0x10a2, 0x0841, 0x634d, 0xffff, 0xffff, 0xffff, 0xff95, 0xf5c2, 0xfd40, 0xfd60, 0xfde0, 0xb3e2, 0x1081, 0x0042,
	0x10a2, 0x18c3, 0x18e3, 0x20e3, 0x20e3, 0x18e3, 0x18e3, 0x18e3, 0x20e3, 0x1081, 0x8c71, 0x4208, 0x0000, 0x4a8b, 0xff94, 0xfe40,
	0xfde0, 0xfde2, 0x6222, 0x0842, 0x1082, 0x28c1, 0xab63, 0x59c2, 0x0001, 0x0862, 0x10c2, 0x0882, 0x0041, 0x0041, 0x18e3, 0x2124,
	0x0040, 0x0861, 0x10a2, 0x10a3, 0x0020, 0x73ae, 0xffff, 0xa535, 0x0000, 0x10a2, 0x0881, 0x10a2, 0xd6bb, 0xffff, 0xffff, 0xdedb,
	0x10a2, 0x1082, 0x10a2, 0x18c3, 0x18e3, 0x20e3, 0x20e3, 0x20e3, 0x20e3, 0x20e3, 0x20e3, 0x20e3, 0x2103, 0x2103, 0x2103, 0x2103,
	0x20e3, 0x20e3, 0x20e3, 0x2103, 0x2103, 0x2103, 0x2103, 0x2103, 0x2103, 0x2103, 0x2103, 0x2103, 0x2103, 0x2103, 0x2103, 0x20e3,
	0x2103, 0x2103, 0x2103, 0x2103, 0x2103, 0x2103, 0x2103, 0x2103, 0x2103, 0x2103, 0x2103, 0x2103, 0x2104, 0x2103, 0x2103, 0x2103,
	0x2103, 0x2103, 0x2103, 0x2103, 0x2103, 0x2103, 0x2103, 0x2103, 0x2103, 0x2103, 0x2103, 0x2103, 0x2103, 0x2103, 0x2103, 0x2103,
	0x2104, 0x18e3, 0x0883, 0x0023, 0x0862, 0x3163, 0x7302, 0xbcc2, 0xfe61, 0xff22, 0xfec2, 0xc523, 0x72c3, 0x28e3, 0x1063, 0x18e3,
	0x2103, 0x18c2, 0x9491, 0xffde, 0xffff, 0xf7be, 0xef9e, 0xbdd7, 0x2985, 0x0881, 0x0861, 0x6b6e, 0xfffe, 0xff4f, 0xf580, 0xfd40,
	0xfd60, 0xfd60, 0xfd40, 0xfe00, 0xd4e2, 0x20e1, 0x0041, 0x10c2, 0x18c3, 0x18e3, 0x20e3, 0x20e3, 0x18e3, 0x18a2, 0x1082, 0x94d2,
	0xffff, 0xe71c, 0x2966, 0x0000, 0x4226, 0xede4, 0xfe00, 0xfdc0, 0xfdc2, 0x6a22, 0x0841, 0x10a2, 0x0841, 0x0862, 0x10a2, 0x0861,
	0x0020, 0x2104, 0x632c, 0xb596, 0xe71c, 0xef7d, 0xb5b7, 0x1904, 0x0861, 0x10a3, 0x0841, 0x6b6d, 0xffff, 0xa535, 0x0000, 0x1082,
	0x10a2, 0x0841, 0x31a6, 0xef5d, 0xffff, 0x94b3, 0x0000, 0x10c2, 0x10a2, 0x18c2, 0x18e3, 0x20e3, 0x20e3, 0x20e3, 0x20e3, 0x20e3,
	0x20e3, 0x20e3, 0x2103, 0x2103, 0x2103, 0x2103, 0x2103, 0x20e3, 0x2103, 0x2103, 0x2103, 0x2103, 0x2103, 0x2103, 0x2103, 0x2103,
	0x2103, 0x2103, 0x2103, 0x2103, 0x2103, 0x20e3, 0x2103, 0x2103, 0x2103, 0x2103, 0x2103, 0x2103, 0x2104, 0x2103, 0x2103, 0x2103,
	0x2103, 0x2104, 0x2104, 0x2103, 0x2103, 0x2103, 0x2103, 0x2103, 0x2103, 0x2103, 0x2103, 0x2103, 0x2103, 0x2103, 0x2103, 0x2103,
	0x2103, 0x20e3, 0x20e3, 0x2103, 0x2103, 0x2103, 0x1082, 0x0862, 0x2922, 0x6ac2, 0xc4e2, 0xfe81, 0xff21, 0xfea1, 0xcd02, 0x7ae2,
	0x3122, 0x0842, 0x0842, 0x10a2, 0x1903, 0x18a2, 0x2124, 0xbdd7, 0xffff, 0xffff, 0xffff, 0xffff, 0xffff, 0xffff, 0xef7d, 0x3a07,
	0x1061, 0x0862, 0x7347, 0xfda1, 0xfd20, 0xf540, 0xfd60, 0xfd40, 0xfd60, 0xfd60, 0xfe40, 0xf643, 0x3143, 0x0862, 0x10a3, 0x18c3,
	0x18e3, 0x20e3, 0x1082, 0x10c3, 0xbdd7, 0xffff, 0xffdf, 0xffff, 0xef7e, 0x4a49, 0x0000, 0x49c3, 0xf5c3, 0xfe00, 0xfda0, 0xfdc2,
	0x6242, 0x0821, 0x18c2, 0x18c2, 0x1061, 0x31a6, 0xb5b6, 0xef5d, 0xffff, 0xffff, 0xffff, 0xffff, 0xffff, 0xbdd7, 0x0041, 0x10a2,
	0x0841, 0x630b, 0xffff, 0xa555, 0x0000, 0x1082, 0x0881, 0x18c2, 0x0000, 0x8430, 0xffff, 0x8c72, 0x0000, 0x10a2, 0x10a2, 0x18c2,
	0x18e3, 0x20e3, 0x20e3, 0x20e3, 0x20e3, 0x20e3, 0x20e3, 0x20e3, 0x20e4, 0x20e4, 0x2103, 0x20e3, 0x20e3, 0x20e3, 0x20e3, 0x2103,
	0x2103, 0x2103, 0x2103, 0x2103, 0x2103, 0x2103, 0x2103, 0x2103, 0x2103, 0x2102, 0x20e3, 0x20e3, 0x2103, 0x2103, 0x2103, 0x2103,
	0x2103, 0x2103, 0x2103, 0x2103, 0x2103, 0x2103, 0x2103, 0x2103, 0x2103, 0x2103, 0x2103, 0x2103, 0x2103, 0x2103, 0x2103, 0x2103,
	0x2103, 0x2103, 0x2103, 0x2103, 0x2103, 0x2104, 0x2103, 0x20e3, 0x2103, 0x2103, 0x2103, 0x18e3, 0x7b86, 0xc584, 0xfe82, 0xff22,
	0xfe81, 0xc4c2, 0x7303, 0x3962, 0x1062, 0x0022, 0x0882, 0x18e2, 0x18e3, 0x20e4, 0x0861, 0x31a6, 0xce79, 0xffff, 0xef9e, 0xa555,
	0xd6da, 0xffff, 0xffdf, 0xffff, 0xffff, 0xee6d, 0x3941, 0x0883, 0x0862, 0x82a2, 0xfd60, 0xf500, 0xfd20, 0xfd40, 0xfd40, 0xfd80,
	0xfe21, 0x8342, 0x0862, 0x1082, 0x1082, 0x10a3, 0x20e3, 0x18c3, 0x18e3, 0xdefb, 0xffff, 0xffdf, 0xffff, 0xffff, 0xffff, 0x5aca,
	0x0841, 0x0862, 0x49a2, 0xf5a2, 0xfdc0, 0xfd80, 0xfd81, 0x5a02, 0x0861, 0x18c3, 0x0841, 0x4a8a, 0xffff, 0xffdf, 0xc618, 0x73ae,
	0x31a6, 0x8451, 0xffff, 0xffff, 0x31a6, 0x0861, 0x0861, 0x632b, 0xffff, 0xb596, 0x0000, 0x1082, 0x0881, 0x18a2, 0x0820, 0x7bef,
	0xffff, 0x94b3, 0x0000, 0x10c2, 0x18c3, 0x18c3, 0x18e3, 0x20e3, 0x20e3, 0x20e3, 0x20e3, 0x20e3, 0x20e3, 0x20e3, 0x20e4, 0x20e4,
	0x2103, 0x20e3, 0x20e3, 0x2103, 0x20e3, 0x18e3, 0x2103, 0x2103, 0x2103, 0x2103, 0x2103, 0x2103, 0x2103, 0x2103, 0x2103, 0x2103,
	0x2103, 0x2103, 0x2103, 0x2103, 0x2103, 0x2103, 0x2103, 0x2103, 0x2103, 0x2103, 0x2103, 0x2103, 0x2103, 0x2103, 0x2103, 0x2103,
	0x2103, 0x2103, 0x2103, 0x2103, 0x2103, 0x2103, 0x2103, 0x2103, 0x20e3, 0x2103, 0x2103, 0x2103, 0x2103, 0x20e3, 0x2103, 0x2103,
	0x2103, 0x18c3, 0xdeab, 0xff86, 0xc503, 0x72e2, 0x3142, 0x0062, 0x0022, 0x0062, 0x10a2, 0x18c3, 0x18c3, 0x18e3, 0x18e4, 0x0841,
	0x52aa, 0xe75d, 0xffff, 0xd6ba, 0x31e7, 0x0000, 0x8471, 0xffff, 0xf7df, 0xffb8, 0xf646, 0xfde0, 0xed42, 0x4142, 0x0863, 0x1082,
	0x92e2, 0xfd60, 0xf520, 0xf540, 0xfd40, 0xfde1, 0x82e2, 0x0001, 0x0062, 0x0882, 0x1082, 0x10a3, 0x20e3, 0x18c2, 0x10a2, 0x7bef,
	0xffff, 0xffff, 0xffff, 0xffff, 0x52aa, 0x0840, 0x18e3, 0x18c2, 0x0862, 0x4163, 0xed42, 0xfdc0, 0xfd60, 0xfdc2, 0x4163, 0x10a3,
	0x1062, 0x39e8, 0xffff, 0xbdd7, 0x0000, 0x0000, 0x0000, 0x0020, 0xdefb, 0xffff, 0x4228, 0x0020, 0x1061, 0x6b6c, 0xffff, 0xbdf7,
	0x0000, 0x1082, 0x0881, 0x18c2, 0x0020, 0x7bef, 0xffff, 0x8c72, 0x0000, 0x18c3, 0x18c3, 0x18c3, 0x20e3, 0x20e3, 0x20e3, 0x20e3,
	0x20e3, 0x20e3, 0x20e3, 0x20e3, 0x20e3, 0x20e3, 0x2103, 0x20e3, 0x20e3, 0x20e3, 0x2103, 0x20e3, 0x20e3, 0x2103, 0x2103, 0x2103,
	0x2103, 0x2103, 0x2103, 0x2103, 0x2103, 0x2103, 0x2103, 0x2103, 0x2103, 0x2103, 0x2103, 0x2103, 0x2103, 0x2103, 0x2103, 0x2103,
	0x2103, 0x2103, 0x2103, 0x2103, 0x2103, 0x2103, 0x2103, 0x2103, 0x2103, 0x2103, 0x2103, 0x2103, 0x2103, 0x2103, 0x2103, 0x2103,
	0x2103, 0x2103, 0x20e3, 0x2103, 0x2103, 0x20e3, 0x20e3, 0x18e3, 0x5286, 0x3162, 0x0842, 0x0022, 0x0062, 0x10a2, 0x10a2, 0x18a2,
	0x18c3, 0x10c2, 0x18e3, 0x10c3, 0x08a3, 0x7c30, 0xffff, 0xffff, 0xb5b6, 0x08a3, 0x0000, 0x6bac, 0xffde, 0xffff, 0xfffc, 0xfe63,
	0xfdc0, 0xfdc1, 0xfde0, 0xed42, 0x3962, 0x0882, 0x1083, 0xbbe2, 0xfd80, 0xfd40, 0xfd81, 0x7262, 0x0001, 0x0041, 0x0041, 0x0020,
	0x10a2, 0x18c3, 0x18c3, 0x18c3, 0x10a2, 0x0000, 0x4a49, 0xffdf, 0xffff, 0x4229, 0x0881, 0x1903, 0x18e3, 0x18e3, 0x18c2, 0x0061,
	0x4182, 0xece2, 0xfdc1, 0xb3c2, 0x20c2, 0x18c3, 0x0861, 0x39e8, 0xffff, 0xc638, 0x0020, 0x0881, 0x0862, 0x0020, 0xce59, 0xffff,
	0x3a08, 0x0840, 0x0861, 0x73ad, 0xffff, 0xbdf7, 0x0021, 0x1082, 0x1081, 0x18a2, 0x0861, 0x528a, 0x6b4d, 0x18e3, 0x10a2, 0x18c3,
	0x18c3, 0x18c3, 0x20e3, 0x20e3, 0x20e3, 0x20e3, 0x20e3, 0x20e3, 0x20e3, 0x20e3, 0x20e3, 0x20e3, 0x20e3, 0x20e3, 0x20e3, 0x20e3,
	0x2103, 0x20e3, 0x2103, 0x2103, 0x20e3, 0x20e3, 0x20e3, 0x2103, 0x2103, 0x2103, 0x2103, 0x2103, 0x2103, 0x2103, 0x2103, 0x2103,
	0x2103, 0x2103, 0x2103, 0x2103, 0x2103, 0x2103, 0x2103, 0x2103, 0x2103, 0x2103, 0x2103, 0x2103, 0x2103, 0x2103, 0x2103, 0x2103,
	0x2103, 0x2103, 0x2103, 0x2103, 0x2103, 0x2103, 0x2103, 0x2103, 0x2103, 0x20e3, 0x2103, 0x2103, 0x2103, 0x2103, 0x0862, 0x1082,
	0x18c2, 0x10c3, 0x10a3, 0x10a2, 0x10c3, 0x18c3, 0x18c3, 0x1903, 0x0882, 0x2125, 0xb5d7, 0xffff, 0xffff, 0x8c92, 0x0000, 0x0020,
	0x8caf, 0xfffd, 0xffff, 0xdef9, 0x9cab, 0xeda2, 0xfde0, 0xfdc0, 0xfd80, 0xfde0, 0xcc62, 0x1882, 0x1082, 0x20c3, 0xd4a2, 0xfd63,
	0x51e2, 0x0002, 0x0041, 0x1925, 0xce59, 0x5aeb, 0x0000, 0x18c3, 0x18c3, 0x10a2, 0x0861, 0x0861, 0x0000, 0x39e8, 0xef7d, 0x632c,
	0x10c2, 0x2124, 0x2124, 0x10a2, 0x0881, 0x18c1, 0x0862, 0x49a3, 0x9343, 0x1062, 0x10a2, 0x18c2, 0x0840, 0x39c7, 0xffff, 0xce59,
	0x0020, 0x0881, 0x0861, 0x0040, 0xe71c, 0xf7df, 0x1904, 0x0861, 0x0840, 0x840e, 0xffff, 0xbdf7, 0x0021, 0x10a2, 0x10a2, 0x18a2,
	0x18c2, 0x1082, 0x0841, 0x18c2, 0x18c3, 0x18e2, 0x18e3, 0x20e3, 0x20e3, 0x20e3, 0x20e3, 0x20e3, 0x20e3, 0x20e3, 0x20e3, 0x20e3,
	0x20e3, 0x20e3, 0x20e3, 0x20e3, 0x20e3, 0x2103, 0x2103, 0x2103, 0x2103, 0x20e3, 0x20e3, 0x20e3, 0x20e3, 0x2103, 0x20e3, 0x20e3,
	0x2103, 0x2103, 0x2103, 0x2103, 0x2103, 0x2103, 0x2103, 0x2103, 0x2103, 0x2103, 0x2103, 0x2103, 0x2103, 0x2103, 0x2103, 0x2103,
	0x2103, 0x2103, 0x2103, 0x2103, 0x2103, 0x2103, 0x2103, 0x2103, 0x2103, 0x2103, 0x2103, 0x2103, 0x2103, 0x2103, 0x2103, 0x2103,
	0x2103, 0x2103, 0x20e3, 0x20e3, 0x20e3, 0x18c3, 0x18c3, 0x18c3, 0x18c3, 0x18c3, 0x18c3, 0x18e3, 0x18e3, 0x0841, 0x4249, 0xdf1c,
	0xffff, 0xf7be, 0x634d, 0x0000, 0x10c2, 0xb5f2, 0xfffd, 0xfffb, 0x946e, 0x10a2, 0x0000, 0xbc63, 0xfde0, 0xfda0, 0xfda0, 0xfdc0,
	0xaba1, 0x0842, 0x10a2, 0x0061, 0x20e2, 0x3163, 0x0042, 0x10a3, 0x10a3, 0xd6ba, 0xffff, 0xffff, 0x52cb, 0x0041, 0x10a2, 0x0021,
	0x9cd3, 0xd6bb, 0x31a7, 0x0000, 0x2965, 0x9cf2, 0x4a68, 0x2144, 0x18c2, 0x1081, 0x08a1, 0x10a1, 0x18c2, 0x10a2, 0x0882, 0x18c2,
	0x18c3, 0x18c2, 0x0841, 0x31c7, 0xffff, 0xce79, 0x0000, 0x0000, 0x0000, 0x73cf, 0xffff, 0x9d34, 0x0000, 0x10a2, 0x0820, 0xad75,
	0xffff, 0xad76, 0x0841, 0x18c2, 0x18c2, 0x18c3, 0x18c3, 0x18e3, 0x20e3, 0x18e3, 0x18c3, 0x18c3, 0x20e3, 0x20e3, 0x2103, 0x20e3,
	0x20e3, 0x20e3, 0x20e3, 0x20e3, 0x20e3, 0x20e3, 0x20e3, 0x20e3, 0x20e3, 0x2103, 0x2103, 0x2103, 0x2103, 0x20e3, 0x20e3, 0x2103,
	0x20e2, 0x20e2, 0x20e3, 0x20e3, 0x2103, 0x20e3, 0x2103, 0x2103, 0x2103, 0x2103, 0x2103, 0x2103, 0x2103, 0x2103, 0x2103, 0x2103,
	0x2103, 0x2103, 0x2103, 0x2103, 0x2103, 0x2103, 0x2103, 0x2103, 0x2103, 0x2103, 0x2103, 0x2103, 0x2103, 0x2103, 0x2103, 0x20e3,
	0x2103, 0x2103, 0x2103, 0x2103, 0x2103, 0x20e3, 0x20e3, 0x2103, 0x20e3, 0x20e3, 0x20e3, 0x18e3, 0x18c3, 0x18e3, 0x18c3, 0x18c3,
	0x18e3, 0x18c3, 0x0861, 0x738e, 0xffdf, 0xffff, 0xd6ba, 0x31c7, 0x0000, 0x2164, 0xd6d7, 0xfffd, 0xf797, 0x5ac8, 0x0000, 0x0002,
	0x5264, 0xfe61, 0xfde0, 0xfda0, 0xfda0, 0xfda1, 0x59e2, 0x0061, 0x10a2, 0x10a2, 0x0882, 0x0862, 0x10a2, 0x10a2, 0x0861, 0x6b8e,
	0xffff, 0xffff, 0xffdf, 0x10a3, 0x0000, 0xad75, 0xffff, 0xffff, 0x6b6d, 0x0020, 0x0840, 0x2124, 0x52aa, 0x10a2, 0x10a2, 0x10a1,
	0x08a1, 0x10a1, 0x10a2, 0x18c2, 0x18c2, 0x18c3, 0x10c2, 0x18c3, 0x0861, 0x39e8, 0xffff, 0xc659, 0x0862, 0x4a6a, 0xad75, 0xffff,
	0xf7bf, 0x2965, 0x0861, 0x10a2, 0x10c2, 0x6b4d, 0x4a8a, 0x2965, 0x10a3, 0x18c3, 0x18c3, 0x18c3, 0x18c2, 0x18e3, 0x20e3, 0x20e3,
	0x20e3, 0x20e3, 0x20e3, 0x20e3, 0x20e3, 0x20e3, 0x20e3, 0x20e3, 0x20e3, 0x20e3, 0x20e3, 0x20e3, 0x20e3, 0x18e3, 0x20e3, 0x2103,
	0x2103, 0x2103, 0x2103, 0x2103, 0x2103, 0x2103, 0x20e3, 0x2103, 0x20e3, 0x20e3, 0x2103, 0x2103, 0x2103, 0x20e3, 0x20e3, 0x2103,
	0x2103, 0x2103, 0x2103, 0x2103, 0x2103, 0x2103, 0x2103, 0x2103, 0x2103, 0x2103, 0x2103, 0x2103, 0x2103, 0x20e3, 0x2103, 0x2103,
	0x2103, 0x2103, 0x2103, 0x2103, 0x2103, 0x20e3, 0x20e3, 0x2103, 0x20e3, 0x2103, 0x2103, 0x2103, 0x20e3, 0x2103, 0x20e3, 0x20e3,
	0x20e3, 0x20e3, 0x18e3, 0x18e3, 0x18e3, 0x18e3, 0x10c2, 0x10a2, 0x9cd3, 0xffff, 0xffff, 0xb596, 0x10a3, 0x0000, 0x31c6, 0xdf18,
	0xfffd, 0xded5, 0x31a5, 0x0000, 0x0043, 0x6283, 0xfea2, 0xf5c2, 0xdcc2, 0xfd80, 0xfdc0, 0xed42, 0x2902, 0x10a2, 0x10a2, 0x10a2,
	0x10a2, 0x10a2, 0x0882, 0x10a2, 0x10a2, 0x0000, 0x6b4d, 0xffff, 0xb5b6, 0x3186, 0xce39, 0xffff, 0xffff, 0x632c, 0x0000, 0x1082,
	0x10a2, 0x1082, 0x1082, 0x08a2, 0x08a2, 0x08a1, 0x10a1, 0x10a1, 0x18a2, 0x18e2, 0x18c3, 0x18c2, 0x18c2, 0x18c3, 0x0861, 0x4249,
	0xffff, 0xe73c, 0xdefb, 0xffff, 0xffff, 0xffff, 0x5acb, 0x0020, 0x18c2, 0x18a2, 0x18c2, 0x0861, 0x1081, 0x18c2, 0x18c3, 0x18c3,
	0x18c3, 0x18e3, 0x20e3, 0x20e3, 0x20e3, 0x20e3, 0x20e3, 0x20e3, 0x20e3, 0x20e3, 0x20e3, 0x20e3, 0x20e3, 0x20c3, 0x20e3, 0x20e3,
	0x20e3, 0x20e3, 0x2103, 0x20e3, 0x20e3, 0x2103, 0x2103, 0x2103, 0x2103, 0x2103, 0x2103, 0x20e3, 0x20e3, 0x20e3, 0x20e3, 0x20e3,
	0x2103, 0x2103, 0x20e3, 0x20e3, 0x20e3, 0x20e3, 0x2103, 0x2103, 0x2103, 0x2103, 0x2103, 0x2103, 0x2103, 0x2103, 0x2103, 0x2103,
	0x2103, 0x2103, 0x2103, 0x2103, 0x2103, 0x2103, 0x2103, 0x2103, 0x20e3, 0x20e3, 0x20e4, 0x20e3, 0x20e3, 0x2103, 0x2103, 0x2103,
	0x2104, 0x2103, 0x2103, 0x20e3, 0x2103, 0x20e3, 0x20e3, 0x20e3, 0x18e3, 0x18e3, 0x20e3, 0x18a2, 0x1903, 0xbdf7, 0xffff, 0xffff,
	0x94b2, 0x0021, 0x0000, 0x634a, 0xef9a, 0xfffc, 0xce33, 0x2102, 0x0042, 0x0063, 0x7b43, 0xfee2, 0xd4e2, 0x28e2, 0x1861, 0xdce2,
	0xfe00, 0xd4a2, 0x18a2, 0x18a2, 0x10a2, 0x10a2, 0x10c2, 0x10a2, 0x10a2, 0x10a2, 0x10a2, 0x18c3, 0x1082, 0x2965, 0x4228, 0xef5d,
	0xffff, 0xffdf, 0x5aeb, 0x0000, 0x1082, 0x1082, 0x1082, 0x10c2, 0x10a2, 0x0881, 0x08a2, 0x08a1, 0x1081, 0x18a2, 0x18e2, 0x20e3,
	0x20e3, 0x18e3, 0x18c3, 0x18e3, 0x0861, 0x528a, 0xffff, 0xffff, 0xffff, 0xef7d, 0xad75, 0x39e7, 0x0840, 0x18c2, 0x18c2, 0x18c2,
	0x18c3, 0x18e3, 0x20e3, 0x20e3, 0x18e3, 0x20e3, 0x20e3, 0x20e3, 0x20e3, 0x20e3, 0x20e3, 0x20e3, 0x20e3, 0x20e3, 0x20e3, 0x20e3,
	0x20e3, 0x20e3, 0x20e3, 0x20e3, 0x20e3, 0x20e3, 0x20e3, 0x20e3, 0x2103, 0x2103, 0x20e3, 0x2103, 0x2103, 0x2103, 0x2103, 0x2103,
	0x2103, 0x20e3, 0x20e3, 0x20e3, 0x20e3, 0x2103, 0x20e3, 0x2103, 0x18e3, 0x20e3, 0x20e3, 0x20e3, 0x2103, 0x2103, 0x2103, 0x2103,
	0x2103, 0x2103, 0x2103, 0x20e3, 0x20e3, 0x2103, 0x2103, 0x2103, 0x2103, 0x2103, 0x2103, 0x2103, 0x20e3, 0x20e3, 0x20e3, 0x20e4,
	0x20e4, 0x18e3, 0x20e3, 0x20e3, 0x20e3, 0x18e3, 0x20e4, 0x2103, 0x2103, 0x20e3, 0x20e3, 0x20e3, 0x20e3, 0x20e3, 0x20e3, 0x20e3,
	0x18a2, 0x2124, 0xd69a, 0xffff, 0xf79e, 0x634c, 0x0000, 0x0061, 0x9d30, 0xfffc, 0xfffc, 0xad70, 0x1081, 0x0862, 0x0882, 0x93c4,
	0xfec1, 0xabe2, 0x1081, 0x0021, 0x28e2, 0xe542, 0xfe00, 0xbbe3, 0x0862, 0x18c2, 0x10a1, 0x10a2, 0x18c3, 0x18c3, 0x18c3, 0x18c3,
	0x18c3, 0x18e3, 0x0861, 0x2145, 0xe73c, 0xffff, 0xf79e, 0x4a69, 0x0020, 0x10c3, 0x10a2, 0x0882, 0x10a2, 0x18e3, 0x18c2, 0x10a2,
	0x10a2, 0x10a2, 0x18a2, 0x18c2, 0x18e3, 0x18c3, 0x20c3, 0x20e3, 0x20e3, 0x18e3, 0x0861, 0x52aa, 0xffdf, 0xb596, 0x630c, 0x2125,
	0x0841, 0x0861, 0x18c3, 0x18c2, 0x18e3, 0x18e3, 0x18c3, 0x18e3, 0x18e3, 0x20e3, 0x20e3, 0x20e3, 0x20e3, 0x20e3, 0x20e3, 0x20e3,
	0x20e3, 0x20e3, 0x20e3, 0x20e3, 0x20e3, 0x20e3, 0x20e3, 0x20e3, 0x20e3, 0x20e3, 0x20e3, 0x20c3, 0x20e3, 0x20e3, 0x2103, 0x2103,
	0x2103, 0x20e3, 0x20e3, 0x20e3, 0x2103, 0x2103, 0x2103, 0x20e3, 0x20e3, 0x20e3, 0x2103, 0x2103, 0x2103, 0x20e3, 0x2103, 0x20e3,
	0x20e3, 0x20e3, 0x2103, 0x2103, 0x2103, 0x2103, 0x2103, 0x2103, 0x2103, 0x2103, 0x2103, 0x2103, 0x2103, 0x2103, 0x2103, 0x2103,
	0x2103, 0x2103, 0x20e3, 0x20e3, 0x2103, 0x2103, 0x20e3, 0x20e3, 0x20e3, 0x20e3, 0x20e3, 0x18e3, 0x20e3, 0x20e3, 0x20e3, 0x20e3,
	0x20e3, 0x20e3, 0x20e3, 0x20e3, 0x20e3, 0x20e3, 0x10a2, 0xb5b6, 0xffff, 0xdedb, 0x31a7, 0x0000, 0x1902, 0xc653, 0xfffd, 0xfffc,
	0x94ae, 0x0820, 0x0061, 0x10a2, 0x9c03, 0xfec1, 0xa381, 0x0822, 0x0021, 0x28e2, 0xc462, 0xfde0, 0xdd02, 0x4162, 0x1082, 0x18a2,
	0x1081, 0x18c2, 0x18e3, 0x18e3, 0x18e3, 0x20e3, 0x18e3, 0x0040, 0x4249, 0xef5d, 0xffff, 0xf77e, 0x4228, 0x0020, 0x10a2, 0x0020,
	0x0061, 0x10c3, 0x18c3, 0x18e3, 0x18e3, 0x18c3, 0x18c3, 0x18c3, 0x18e3, 0x18e3, 0x20c3, 0x18e3, 0x18e3, 0x18e3, 0x18c2, 0x18c3,
	0x10a2, 0x2124, 0x2965, 0x0841, 0x0841, 0x10a2, 0x18e3, 0x18e3, 0x18c3, 0x18c3, 0x18c3, 0x18e3, 0x20e3, 0x20e3, 0x20e3, 0x20e3,
	0x20e3, 0x20e3, 0x20e3, 0x20e3, 0x20e3, 0x20e3, 0x20e3, 0x20e3, 0x20e3, 0x20e3, 0x20c3, 0x20e3, 0x20e3, 0x20e3, 0x20e3, 0x20e3,
	0x20e3, 0x20c2, 0x20e3, 0x2103, 0x2103, 0x2103, 0x2103, 0x2103, 0x2103, 0x2103, 0x2103, 0x2103, 0x2103, 0x20e3, 0x20e3, 0x20e3,
	0x2103, 0x2103, 0x2103, 0x20e3, 0x2103, 0x2103, 0x2103, 0x2103, 0x2103, 0x2103, 0x2103, 0x2103, 0x2103, 0x2103, 0x2103, 0x2103,
	0x2103, 0x20e3, 0x2103, 0x2103, 0x2103, 0x2103, 0x2103, 0x20e3, 0x20e3, 0x20e3, 0x2103, 0x2103, 0x2103, 0x2103, 0x20e3, 0x20e3,
	0x20e3, 0x20e3, 0x20e3, 0x20e3, 0x20e3, 0x20e3, 0x20e3, 0x20e3, 0x18e3, 0x18e3, 0x20e3, 0x1061, 0x6b6d, 0xffff, 0xffde, 0x4227,
	0x0000, 0x2922, 0xd6d2, 0xfffd, 0xfffc, 0x948f, 0x0020, 0x0042, 0x2943, 0xbc82, 0xfe61, 0xa3a2, 0x0841, 0x0021, 0x3122, 0xdce2,
	0xfde0, 0xdca2, 0x3122, 0x0882, 0x18c2, 0x18a2, 0x18a2, 0x18c3, 0x18e3, 0x20e3, 0x20e3, 0x20e3, 0x0861, 0x73ce, 0xffff, 0xffff,
	0xef7d, 0x3a07, 0x0020, 0x10a2, 0x0020, 0x94d3, 0x632d, 0x0000, 0x18e3, 0x18e3, 0x18e3, 0x18e3, 0x18c3, 0x18e3, 0x18e3, 0x18c3,
	0x18c3, 0x18c3, 0x18e3, 0x18e3, 0x18e3, 0x18e3, 0x18e3, 0x18c2, 0x10a2, 0x18e3, 0x18e3, 0x18e3, 0x18c3, 0x18e3, 0x18e3, 0x18e3,
	0x20e3, 0x20e3, 0x20e3, 0x20e3, 0x20e3, 0x20e3, 0x20e3, 0x20e3, 0x20e3, 0x20e3, 0x20e3, 0x20e3, 0x20e3, 0x20e3, 0x20e3, 0x20e3,
	0x20e3, 0x20e3, 0x20e3, 0x20e3, 0x20e3, 0x20e3, 0x20e3, 0x20e2, 0x20e3, 0x20e3, 0x2103, 0x2103, 0x2103, 0x2103, 0x2103, 0x2103,
	0x2103, 0x2103, 0x20e3, 0x20e3, 0x20e3, 0x20e3, 0x2103, 0x2103, 0x2103, 0x2103, 0x2103, 0x2102, 0x2102, 0x2102, 0x20e3, 0x2103,
	0x2103, 0x2103, 0x2103, 0x2103, 0x2103, 0x2103, 0x2103, 0x20e3, 0x2103, 0x2103, 0x2103, 0x2103, 0x2103, 0x20e3, 0x2103, 0x20e3,
	0x2103, 0x2103, 0x2103, 0x2103, 0x20e3, 0x20e3, 0x2103, 0x20e3, 0x20e3, 0x20e3, 0x20e3, 0x20e3, 0x20c3, 0x20e3, 0x18c2, 0x18e2,
	0x20e3, 0x1081, 0xc617, 0xffff, 0xc637, 0x18c2, 0x3121, 0xc5ae, 0xfffd, 0xfffc, 0x8c4d, 0x0000, 0x0061, 0x41c3, 0xe542, 0xfde0,
	0x9b61, 0x0862, 0x0021, 0x3962, 0xed22, 0xfdc0, 0xdca2, 0x3102, 0x0882, 0x10a2, 0x1082, 0x18a2, 0x18c3, 0x18e3, 0x18e3, 0x20e3,
	0x20e3, 0x1081, 0x9cf3, 0xffff, 0xffff, 0xdedb, 0x31a6, 0x0861, 0x10c2, 0x0041, 0x9d34, 0xffff, 0xffdf, 0x52ab, 0x0020, 0x18e3,
	0x18e3, 0x18e3, 0x18e3, 0x18e3, 0x18e2, 0x18e3, 0x18c3, 0x20c3, 0x18e3, 0x18e3, 0x18e3, 0x18e3, 0x18e3, 0x18e3, 0x18e3, 0x18e3,
	0x18e3, 0x18e3, 0x18e3, 0x18e3, 0x20e3, 0x20e3, 0x20e3, 0x20e3, 0x20e3, 0x20e3, 0x20e3, 0x20e3, 0x20e3, 0x20e3, 0x20e3, 0x20e3,
	0x20e3, 0x20e3, 0x20e3, 0x20e3, 0x20e3, 0x20c3, 0x20e3, 0x20e3, 0x20e3, 0x20e3, 0x20e3, 0x20e3, 0x20e3, 0x20e3, 0x20e3, 0x20e3,
	0x2103, 0x2103, 0x2103, 0x2103, 0x2103, 0x2103, 0x2103, 0x20e3, 0x20e3, 0x20e3, 0x20e3, 0x20e3, 0x20e3, 0x2103, 0x2103, 0x2103,
	0x2103, 0x2103, 0x2103, 0x2103, 0x2103, 0x2103, 0x2103, 0x2103, 0x2103, 0x2103, 0x2103, 0x20e3, 0x2103, 0x2103, 0x2103, 0x2103,
	0x2103, 0x2102, 0x2103, 0x2103, 0x20e3, 0x20e3, 0x2103, 0x20e3, 0x20e3, 0x2103, 0x18e3, 0x20e3, 0x2103, 0x20e3, 0x20e3, 0x20e3,
	0x20e3, 0x20e3, 0x20e3, 0x18c3, 0x18e3, 0x18e3, 0x10a2, 0x3185, 0xef9d, 0xffff, 0xad54, 0x3923, 0x9b63, 0xffb5, 0xfffd, 0xd693,
	0x1080, 0x0022, 0x41a1, 0xf561, 0xfd61, 0x8aa1, 0x0841, 0x0021, 0x4162, 0xed42, 0xfdc0, 0xe482, 0x3102, 0x0862, 0x10a2, 0x0882,
	0x10a2, 0x18e3, 0x20e3, 0x20e3, 0x2103, 0x18c2, 0x18c2, 0xad95, 0xffff, 0xffff, 0xbdf7, 0x2104, 0x1082, 0x18e3, 0x10a2, 0x0861,
	0x632c, 0xffdf, 0xffff, 0xffff, 0x73ae, 0x0020, 0x18e3, 0x18c3, 0x18c3, 0x18c3, 0x18e3, 0x18e3, 0x20e3, 0x20e3, 0x18e3, 0x18e3,
	0x18e3, 0x18c3, 0x18c3, 0x18e3, 0x20e3, 0x20e3, 0x20e3, 0x20e3, 0x20e3, 0x20e3, 0x20e3, 0x20e3, 0x20e3, 0x20e3, 0x20e3, 0x20e3,
	0x20e3, 0x20e3, 0x20e3, 0x20e3, 0x20c3, 0x20e3, 0x20e3, 0x20e3, 0x20e3, 0x20e3, 0x20e3, 0x20c3, 0x20e3, 0x20e3, 0x20e3, 0x20e3,
	0x20e3, 0x2103, 0x20e3, 0x20e3, 0x2103, 0x2103, 0x2103, 0x2103, 0x2103, 0x2103, 0x2103, 0x2103, 0x2103, 0x2103, 0x20e3, 0x20e3,
	0x20e3, 0x20e3, 0x2103, 0x2103, 0x2103, 0x2103, 0x18e3, 0x2103, 0x20e3, 0x18e3, 0x2103, 0x2103, 0x2103, 0x2103, 0x2103, 0x2103,
	0x2103, 0x2103, 0x2103, 0x2103, 0x2103, 0x2103, 0x20e3, 0x2103, 0x20e3, 0x20e3, 0x18e3, 0x2103, 0x2103, 0x20e3, 0x20e3, 0x20e3,
	0x20e3, 0x20e3, 0x20e3, 0x20e3, 0x20e3, 0x20e3, 0x20e3, 0x20e3, 0x20e3, 0x18c3, 0x18c3, 0x18e3, 0x1081, 0x4a49, 0xffff, 0xffff,
	0xad33, 0x4183, 0x82e4, 0xa469, 0xef77, 0x62e8, 0x0001, 0x3162, 0xed41, 0xfd40, 0x7221, 0x0841, 0x0002, 0x49a2, 0xed82, 0xfde0,
	0xdc62, 0x3102, 0x0862, 0x10a2, 0x1082, 0x10a2, 0x18e3, 0x18e3, 0x18e3, 0x2104, 0x1882, 0x2104, 0xbe18, 0xffff, 0xffff, 0xa534,
	0x1082, 0x10a2, 0x18c3, 0x10a2, 0x1081, 0x10a2, 0x0000, 0x52aa, 0xffff, 0xffff, 0xffff, 0x8c51, 0x0041, 0x10a2, 0x20e3, 0x18e3,
	0x18e3, 0x18e3, 0x18e3, 0x20e3, 0x20e3, 0x20e3, 0x20e3, 0x20e3, 0x20e3, 0x20e3, 0x20e3, 0x20e3, 0x20e3, 0x20e3, 0x20e3, 0x20e3,
	0x20e3, 0x20e3, 0x20e3, 0x20e3, 0x20e3, 0x20e3, 0x20e3, 0x20e3, 0x20e3, 0x20e3, 0x20e3, 0x20e3, 0x20e3, 0x20e3, 0x20e3, 0x20e3,
	0x20e3, 0x20e3, 0x20e3, 0x20e3, 0x20e3, 0x20e3, 0x20e3, 0x2103, 0x2103, 0x20e4, 0x2103, 0x2103, 0x2103, 0x2103, 0x2103, 0x2103,
	0x2103, 0x2103, 0x2103, 0x2103, 0x20e3, 0x20e3, 0x2103, 0x20e3, 0x20e3, 0x2103, 0x20e3, 0x20e3, 0x20e3, 0x2103, 0x20e3, 0x20c3,
	0x2103, 0x2103, 0x20e3, 0x2103, 0x2103, 0x2103, 0x2103, 0x2103, 0x2103, 0x2103, 0x2103, 0x2103, 0x2103, 0x20e3, 0x20e3, 0x20e3,
	0x20e3, 0x2103, 0x2103, 0x2103, 0x20e3, 0x20e3, 0x20e3, 0x20e3, 0x20e3, 0x20e3, 0x20e3, 0x20e3, 0x20e3, 0x20e3, 0x20e3, 0x18e3,
	0x18e3, 0x18e3, 0x1082, 0x4228, 0xffff, 0xffff, 0xe6fa, 0x5204, 0x4185, 0x3164, 0x3164, 0x0062, 0x3142, 0xed41, 0xed21, 0x4982,
	0x0041, 0x0021, 0x5a02, 0xf5a1, 0xfe00, 0xcc22, 0x28c2, 0x0862, 0x10a2, 0x0882, 0x10a2, 0x18c3, 0x18e3, 0x2103, 0x2103, 0x1061,
	0x3186, 0xd6ba, 0xffff, 0xffff, 0x9492, 0x0861, 0x18c2, 0x18c3, 0x18a2, 0x18a2, 0x10a1, 0x10a2, 0x18e3, 0x0841, 0x528a, 0xffdf,
	0xffff, 0xffff, 0xad55, 0x10c3, 0x0000, 0x0841, 0x10c3, 0x18e3, 0x18e3, 0x18c3, 0x18e3, 0x20e3, 0x20e3, 0x20e3, 0x20e3, 0x20e3,
	0x20e3, 0x20e3, 0x20e3, 0x20e3, 0x20e3, 0x20e3, 0x20e3, 0x20e3, 0x20e3, 0x20e3, 0x20e3, 0x20e3, 0x20e3, 0x20e3, 0x20e3, 0x20e3,
	0x20e3, 0x20e3, 0x2103, 0x2103, 0x20e3, 0x20e3, 0x20e3, 0x20e3, 0x20e3, 0x20e3, 0x20e3, 0x20e3, 0x20e3, 0x20e3, 0x20e3, 0x2103,
	0x2103, 0x2103, 0x2103, 0x2103, 0x2103, 0x2103, 0x20e3, 0x20e3, 0x2103, 0x2103, 0x2103, 0x20e3, 0x20e3, 0x20e3, 0x2103, 0x20e3,
	0x2103, 0x20e3, 0x20e3, 0x20e3, 0x20e3, 0x20c3, 0x2103, 0x2103, 0x2103, 0x2103, 0x2103, 0x2103, 0x2103, 0x20e3, 0x20e3, 0x2103,
	0x2103, 0x2103, 0x2103, 0x20e3, 0x20e3, 0x20e3, 0x20e3, 0x2103, 0x2103, 0x20e3, 0x20e3, 0x20e3, 0x20e3, 0x20e3, 0x20e3, 0x20e3,
	0x20e3, 0x20e3, 0x20e3, 0x20e3, 0x20e3, 0x18e3, 0x18e3, 0x18e3, 0x10c2, 0x2144, 0xef5d, 0xffff, 0xfff8, 0xcd8a, 0x4183, 0x2104,
	0x18e3, 0x7262, 0xf562, 0xc442, 0x20c1, 0x0021, 0x0021, 0x6a62, 0xfdc1, 0xfde0, 0xbbe2, 0x18a2, 0x0882, 0x10a2, 0x0882, 0x10a2,
	0x18c3, 0x18c3, 0x18e3, 0x2103, 0x0861, 0x4a49, 0xef7d, 0xffff, 0xffff, 0x7bcf, 0x0861, 0x18e3, 0x18c3, 0x10a2, 0x10a2, 0x18a2,
	0x18a2, 0x18c2, 0x18c3, 0x18e3, 0x0021, 0x4a49, 0xf7be, 0xffff, 0xffff, 0xdefb, 0x8c92, 0x3a08, 0x0021, 0x0000, 0x0021, 0x10a2,
	0x18c3, 0x18c3, 0x20e3, 0x20e3, 0x20e3, 0x20e3, 0x20e3, 0x20e3, 0x20e3, 0x20e3, 0x20e3, 0x20e3, 0x20c2, 0x20e3, 0x20e3, 0x20e3,
	0x20e3, 0x20e3, 0x20e3, 0x20e3, 0x2103, 0x20e3, 0x2103, 0x2103, 0x20e3, 0x2103, 0x2103, 0x20e3, 0x20e3, 0x20e3, 0x20e3, 0x20e3,
	0x20e3, 0x20e3, 0x20e3, 0x20e3, 0x20e3, 0x2103, 0x2103, 0x2103, 0x2103, 0x2103, 0x2103, 0x2103, 0x2103, 0x2103, 0x2103, 0x2103,
	0x2103, 0x20e3, 0x20e3, 0x2103, 0x20e3, 0x20e3, 0x2103, 0x2103, 0x20e3, 0x20e3, 0x20e3, 0x20e3, 0x2103, 0x2103, 0x2103, 0x2103,
	0x2103, 0x20e3, 0x2103, 0x20e3, 0x20e3, 0x20e3, 0x2103, 0x2103, 0x20e3, 0x2103, 0x2103, 0x20e3, 0x20e3, 0x2103, 0x20e3, 0x18e3,
	0x2103, 0x20e3, 0x20e3, 0x20e3, 0x20e3, 0x20e3, 0x20e3, 0x20e3, 0x20e3, 0x20e3, 0x20e3, 0x18e3, 0x18e3, 0x18e3, 0x20e3, 0x1061,
	0xad75, 0xfffe, 0xf72e, 0xff29, 0xe585, 0x9321, 0xab61, 0xfd61, 0xb3e1, 0x0842, 0x0001, 0x0861, 0x8b42, 0xfde1, 0xfdc0, 0xab82,
	0x1882, 0x1082, 0x18a2, 0x1082, 0x10a2, 0x18e3, 0x18e3, 0x2103, 0x2103, 0x0841, 0x62eb, 0xffdf, 0xffff, 0xffff, 0x630c, 0x0861,
	0x2104, 0x18c3, 0x18c3, 0x18c2, 0x18a2, 0x18a2, 0x18c2, 0x18e3, 0x18e3, 0x18c3, 0x18e3, 0x0841, 0x39e8, 0xf79e, 0xffff, 0xffff,
	0xffff, 0xffff, 0xd6db, 0x9cf3, 0x5b2d, 0x18c3, 0x18a3, 0x18c3, 0x20e3, 0x20e3, 0x20e3, 0x20e3, 0x20e3, 0x20e3, 0x20e3, 0x20e3,
	0x20e3, 0x20e3, 0x20e3, 0x20e3, 0x20e3, 0x20e3, 0x20e3, 0x20e3, 0x20e3, 0x2103, 0x2103, 0x2103, 0x20e3, 0x20e3, 0x20e3, 0x20e3,
	0x2103, 0x20e3, 0x20e3, 0x20e3, 0x20e3, 0x20e3, 0x2103, 0x20e3, 0x20e3, 0x20e3, 0x20e3, 0x20e3, 0x2103, 0x2103, 0x2103, 0x2103,
	0x2103, 0x2103, 0x2103, 0x2103, 0x2103, 0x2103, 0x2103, 0x2103, 0x2103, 0x20e3, 0x20e3, 0x2103, 0x2103, 0x2103, 0x2103, 0x2103,
	0x20e3, 0x2103, 0x2103, 0x18e3, 0x20e3, 0x2103, 0x20e3, 0x2103, 0x2103, 0x2103, 0x20e3, 0x20e3, 0x20e3, 0x2103, 0x20e3, 0x20e3,
	0x20e3, 0x20e3, 0x2103, 0x2103, 0x2103, 0x2103, 0x2103, 0x2103, 0x2103, 0x2103, 0x20e3, 0x20e3, 0x20e3, 0x20e3, 0x20e3, 0x20e3,
	0x20e3, 0x20e3, 0x20c3, 0x20e3, 0x20e3, 0x18a2, 0x39e7, 0xffdc, 0xff92, 0xf666, 0xfe21, 0xfde0, 0xfd60, 0xf4c0, 0x61e1, 0x18a2,
	0x3962, 0xb422, 0xfe40, 0xfde1, 0x9302, 0x1062, 0x08a2, 0x10a2, 0x1082, 0x10a2, 0x18c3, 0x18e3, 0x2104, 0x18a2, 0x0841, 0x73ce,
	0xffff, 0xffff, 0xf7be, 0x528a, 0x0861, 0x2124, 0x18c3, 0x18a3, 0x18c3, 0x18c2, 0x18c2, 0x18c2, 0x18e3, 0x18e3, 0x18e3, 0x18e3,
	0x18e3, 0x1903, 0x0841, 0x4208, 0xffdf, 0xffff, 0xffff, 0xd69a, 0x7c10, 0x9d34, 0xffff, 0x31a7, 0x1082, 0x18c3, 0x18e3, 0x20e3,
	0x20e3, 0x20e3, 0x20e3, 0x20e3, 0x20e3, 0x20e3, 0x20e3, 0x20e3, 0x20e3, 0x20e3, 0x20e3, 0x20e3, 0x20e3, 0x20e3, 0x20e3, 0x20e3,
	0x2103, 0x20e3, 0x20e3, 0x20e3, 0x2103, 0x20e3, 0x20e3, 0x20e3, 0x2103, 0x2103, 0x20e3, 0x20e3, 0x20e3, 0x2103, 0x2103, 0x20e3,
	0x20e3, 0x2103, 0x2103, 0x2103, 0x2103, 0x2103, 0x2103, 0x2103, 0x2103, 0x2103, 0x2103, 0x2103, 0x2103, 0x2103, 0x2103, 0x2103,
	0x2103, 0x20e3, 0x2103, 0x2103, 0x2103, 0x20e3, 0x2103, 0x2103, 0x20e3, 0x20e3, 0x20e3, 0x20e3, 0x20e3, 0x2103, 0x2102, 0x2103,
	0x20e3, 0x20e3, 0x2103, 0x20e3, 0x2103, 0x2103, 0x20e3, 0x20e3, 0x20e3, 0x2103, 0x2103, 0x2103, 0x2103, 0x2103, 0x2103, 0x2103,
	0x20e3, 0x20e3, 0x20e3, 0x20e3, 0x20e3, 0x20e3, 0x20e3, 0x20e3, 0x20e3, 0x18c3, 0x18c3, 0x18e3, 0x0861, 0x5aea, 0xffb6, 0xff07,
	0xf5c0, 0xf560, 0xf560, 0xf500, 0xed00, 0xe4e0, 0xfda1, 0xfe60, 0xe541, 0x6a22, 0x0841, 0x10a2, 0x1082, 0x0881, 0x10a2, 0x18e3,
	0x18e3, 0x18c2, 0x0841, 0x31a6, 0xb596, 0xffff, 0xffff, 0xe75d, 0x4208, 0x10a2, 0x2124, 0x18c3, 0x18a3, 0x18c2, 0x18c2, 0x10c3,
	0x18e3, 0x18e3, 0x20e3, 0x18e3, 0x20e3, 0x18e3, 0x18e3, 0x18e3, 0x2104, 0x0000, 0x8430, 0xffff, 0x8451, 0x10a2, 0x0021, 0x10c4,
	0xf79e, 0x738e, 0x0041, 0x18e3, 0x18e3, 0x20e3, 0x20e3, 0x20e3, 0x18e3, 0x20e3, 0x20e3, 0x20e3, 0x20e3, 0x20e3, 0x20e3, 0x20e3,
	0x20e3, 0x20e3, 0x20e3, 0x20e3, 0x20e3, 0x20e3, 0x20e3, 0x20e3, 0x20e3, 0x20e3, 0x20e3, 0x20e3, 0x20e3, 0x20e3, 0x20e3, 0x2103,
	0x20e3, 0x20e3, 0x20e3, 0x20e3, 0x20e3, 0x20e3, 0x20e3, 0x2103, 0x2103, 0x2103, 0x2103, 0x2103, 0x2103, 0x2103, 0x2103, 0x2103,
	0x2103, 0x2103, 0x2103, 0x2103, 0x2103, 0x2103, 0x2103, 0x2103, 0x2103, 0x2103, 0x2103, 0x20e3, 0x20e3, 0x2103, 0x20e3, 0x20e3,
	0x20e3, 0x20e3, 0x20e3, 0x20e3, 0x2103, 0x20e3, 0x20e3, 0x2103, 0x2103, 0x20e3, 0x2103, 0x2103, 0x20e3, 0x2103, 0x2103, 0x2103,
	0x2103, 0x2103, 0x2103, 0x2103, 0x2103, 0x2103, 0x2103, 0x2103, 0x20e3, 0x20e3, 0x20e3, 0x20e3, 0x20e3, 0x20e3, 0x20e3, 0x18c3,
	0x18c3, 0x18c2, 0x18c3, 0x0841, 0x4226, 0xd5a8, 0xfe63, 0xfe01, 0xfdc0, 0xfdc0, 0xfde0, 0xfe00, 0xf5a2, 0xa3a2, 0x2902, 0x0042,
	0x18a2, 0x1082, 0x0881, 0x10a2, 0x18e3, 0x18e3, 0x18e3, 0x10a2, 0x8c71, 0xffff, 0xffff, 0xffff, 0xd6da, 0x31a6, 0x10c2, 0x2144,
	0x18e3, 0x10c2, 0x18c3, 0x18c3, 0x18c2, 0x18c3, 0x18e3, 0x18e3, 0x20e3, 0x18e3, 0x18e3, 0x18e3, 0x18e3, 0x18e3, 0x18c3, 0x1082,
	0x2966, 0xbdd7, 0x0000, 0x0021, 0x18e4, 0x0882, 0xbe18, 0xce79, 0x0841, 0x18e3, 0x18e3, 0x18e3, 0x20e3, 0x20e3, 0x20e3, 0x20e3,
	0x20e3, 0x20e3, 0x20e3, 0x20e3, 0x20e3, 0x20e3, 0x20e3, 0x20e3, 0x20e3, 0x20e3, 0x20e3, 0x20e3, 0x20e3, 0x20e3, 0x20e3, 0x20e3,
	0x20e3, 0x20e3, 0x20e3, 0x20e3, 0x20e3, 0x2103, 0x20e3, 0x20e3, 0x20e3, 0x20e3, 0x20e3, 0x20e3, 0x20e3, 0x20e3, 0x20e3, 0x20e3,
	0x2103, 0x2103, 0x2103, 0x2103, 0x2103, 0x2103, 0x2103, 0x2103, 0x2103, 0x2103, 0x2103, 0x2103, 0x2103, 0x2103, 0x2103, 0x2103,
	0x20e3, 0x2103, 0x20e3, 0x2103, 0x2103, 0x20e3, 0x20e3, 0x20e3, 0x20e3, 0x20e3, 0x20e3, 0x2103, 0x2103, 0x20e3, 0x20e3, 0x2103,
	0x2103, 0x20e3, 0x2103, 0x20e3, 0x20e3, 0x2103, 0x2103, 0x2103, 0x2103, 0x2103, 0x2103, 0x2103, 0x2103, 0x2103, 0x2103, 0x20e3,
	0x20e3, 0x18e3, 0x20e3, 0x20e3, 0x20e3, 0x18e3, 0x18c3, 0x18c3, 0x10c2, 0x18e3, 0x0862, 0x18a2, 0x5a63, 0x9362, 0xac02, 0xb403,
	0xa3a3, 0x72a3, 0x3142, 0x0863, 0x1082, 0x10c2, 0x0882, 0x1081, 0x10c2, 0x18e3, 0x18e3, 0x1903, 0x0841, 0x8410, 0xffff, 0xffdf,
	0xffff, 0xbdd7, 0x2124, 0x18e3, 0x2124, 0x18c3, 0x10c3, 0x18c3, 0x18c3, 0x10c3, 0x18c3, 0x20e3, 0x20e3, 0x20c2, 0x18c2, 0x18e3,
	0x18e3, 0x18c3, 0x18e3, 0x18e3, 0x18c3, 0x18c3, 0x0861, 0xc618, 0x9d15, 0x2987, 0x0042, 0x0000, 0x4acb, 0xffff, 0x31c7, 0x1082,
	0x18e3, 0x18e3, 0x20e3, 0x20e3, 0x20e3, 0x20e3, 0x20e3, 0x20e3, 0x20e3, 0x20e3, 0x20e3, 0x20e3, 0x20e3, 0x20e3, 0x20e3, 0x20e3,
	0x20e3, 0x20e3, 0x20e3, 0x20e3, 0x20e3, 0x20e3, 0x20e3, 0x20e3, 0x20e3, 0x20c3, 0x20e3, 0x2103, 0x20e3, 0x20e3, 0x20e3, 0x2103,
	0x20e3, 0x20e3, 0x20e3, 0x2103, 0x20e3, 0x20e3, 0x2103, 0x2102, 0x2103, 0x2103, 0x2103, 0x2103, 0x2103, 0x2103, 0x2103, 0x2103,
	0x2103, 0x2103, 0x2103, 0x2103, 0x2103, 0x2103, 0x2103, 0x2103, 0x20e3, 0x2103, 0x2102, 0x20e3, 0x20e3, 0x20e3, 0x20e3, 0x20e3,
	0x20e3, 0x2103, 0x20e3, 0x20e3, 0x20e3, 0x2103, 0x2103, 0x2103, 0x2103, 0x2103, 0x2103, 0x2103, 0x2103, 0x20e3, 0x20e3, 0x2103,
	0x2103, 0x2103, 0x2103, 0x2103, 0x2103, 0x2103, 0x2103, 0x2103, 0x20e3, 0x20e3, 0x20e3, 0x20e3, 0x18c2, 0x18c2, 0x18c3, 0x18c3,
	0x18c3, 0x18c2, 0x0862, 0x0862, 0x0862, 0x0862, 0x0042, 0x0042, 0x0882, 0x18c2, 0x10a2, 0x1082, 0x10a2, 0x10c2, 0x18e3, 0x18c3,
	0x18e3, 0x18c3, 0x18e3, 0xe73c, 0xffff, 0xffff, 0x9cf3, 0x2104, 0x2124, 0x2124, 0x18c3, 0x10a2, 0x18c3, 0x18a3, 0x18c3, 0x18e3,
	0x20e3, 0x18e3, 0x2922, 0xc482, 0x49c1, 0x0042, 0x18e3, 0x18e2, 0x18c3, 0x18e3, 0x18c3, 0x18e3, 0x0040, 0x7c10, 0xffff, 0xffff,
	0xd6db, 0x6bcf, 0x1925, 0xe73c, 0x8c71, 0x0020, 0x18e3, 0x18e3, 0x18e3, 0x20e3, 0x20e3, 0x20e3, 0x20e3, 0x20e3, 0x20e3, 0x20e3,
	0x20e3, 0x20e3, 0x20e3, 0x20e3, 0x20e3, 0x20e3, 0x20e3, 0x20e3, 0x20e3, 0x2103, 0x2103, 0x20e3, 0x20e3, 0x20e3, 0x20e3, 0x20e3,
	0x20e3, 0x20e3, 0x20e3, 0x20e3, 0x20e3, 0x20e3, 0x2103, 0x20e3, 0x20e3, 0x20e3, 0x20e3, 0x20e3, 0x2103, 0x2103, 0x2103, 0x2103,
	0x2103, 0x2103, 0x2103, 0x2103, 0x2103, 0x2103, 0x2103, 0x2103, 0x2103, 0x2103, 0x2103, 0x2103, 0x2103, 0x2103, 0x2103, 0x20e3,
	0x2103, 0x20e3, 0x20e3, 0x20e3, 0x20e3, 0x20e3, 0x20e3, 0x20e3, 0x20e3, 0x20e3, 0x2103, 0x2103, 0x2103, 0x2103, 0x2103, 0x2103,
	0x2103, 0x2103, 0x2103, 0x2103, 0x2103, 0x2103, 0x2103, 0x2103, 0x2103, 0x2103, 0x2103, 0x2103, 0x20e3, 0x2103, 0x2103, 0x20e3,
	0x20e3, 0x20e3, 0x20e3, 0x18c3, 0x18e3, 0x18e3, 0x18c3, 0x18c2, 0x18c2, 0x18c3, 0x18c2, 0x10a1, 0x10a2, 0x10a2, 0x10a2, 0x1081,
	0x08a2, 0x10a2, 0x18c3, 0x18e3, 0x18c3, 0x18c3, 0x20e3, 0x0841, 0x73ae, 0xffff, 0xef7d, 0x5aeb, 0x18e3, 0x2965, 0x2124, 0x18e3,
	0x10c2, 0x18c3, 0x18c3, 0x18a2, 0x18c2, 0x20e3, 0x18c3, 0x2902, 0xc482, 0xfe20, 0xedc2, 0x6ac2, 0x10a3, 0x18e3, 0x18c3, 0x18e3,
	0x18c3, 0x18c3, 0x10a2, 0x18c3, 0x4228, 0x8431, 0xce9a, 0xffff, 0xffff, 0xffdf, 0xdf1c, 0x10c3, 0x10a2, 0x18e3, 0x18e3, 0x18e3,
	0x20e3, 0x20e3, 0x20e3, 0x20e3, 0x20e3, 0x20e3, 0x20e3, 0x20e3, 0x20e3, 0x20e3, 0x20e3, 0x20e3, 0x20c3, 0x20e3, 0x20e3, 0x2103,
	0x2103, 0x18e3, 0x20e3, 0x20e3, 0x20e3, 0x20e3, 0x20e3, 0x20e3, 0x20e3, 0x2103, 0x2103, 0x2104, 0x2103, 0x2103, 0x20e3, 0x2103,
	0x20e2, 0x2103, 0x2103, 0x2103, 0x2103, 0x2103, 0x2103, 0x2103, 0x2103, 0x2103, 0x20e3, 0x2103, 0x2103, 0x2103, 0x20e3, 0x20e3,
	0x2103, 0x2103, 0x20e3, 0x20e3, 0x20e3, 0x2103, 0x20e3, 0x20e3, 0x20e3, 0x2103, 0x20e3, 0x20e3, 0x20e3, 0x20e3, 0x20e3, 0x2103,
	0x2103, 0x2103, 0x2103, 0x2103, 0x2103, 0x2103, 0x2103, 0x2103, 0x2103, 0x20e3, 0x2103, 0x2103, 0x20e3, 0x20e3, 0x20e3, 0x20e3,
	0x2103, 0x2103, 0x2103, 0x2103, 0x2103, 0x2103, 0x20e3, 0x20e3, 0x20e3, 0x20e3, 0x18e3, 0x20e3, 0x18e3, 0x18c3, 0x18c2, 0x18c3,
	0x18c3, 0x10a2, 0x10a2, 0x10a3, 0x10a2, 0x10c2, 0x10c2, 0x18c3, 0x18c3, 0x18e3, 0x18c3, 0x18e3, 0x18c3, 0x18e3, 0xe73c, 0xffff,
	0x4228, 0x10a2, 0x2985, 0x2145, 0x18e3, 0x10c2, 0x18c3, 0x10c3, 0x18c2, 0x18c3, 0x20e3, 0x2103, 0x1083, 0x8b62, 0xff00, 0x8aa0,
	0xdce0, 0xfea3, 0x2923, 0x10a2, 0x18e3, 0x18c3, 0x18c3, 0x18c3, 0x18c3, 0x10a3, 0x0861, 0x0020, 0x0841, 0x31a7, 0x94b3, 0xdf1c,
	0xffff, 0x8431, 0x0021, 0x18e3, 0x18e3, 0x20e3, 0x20e3, 0x20e3, 0x20e3, 0x20e3, 0x20e3, 0x20e3, 0x20e3, 0x20e3, 0x20e3, 0x20e3,
	0x20e3, 0x20e3, 0x20e3, 0x20e3, 0x20e3, 0x20e3, 0x20e3, 0x20e3, 0x20e3, 0x2103, 0x2103, 0x20e3, 0x20e3, 0x20e3, 0x20e3, 0x2103,
	0x2103, 0x20e3, 0x2103, 0x2103, 0x2103, 0x2103, 0x2103, 0x2103, 0x2103, 0x2103, 0x2103, 0x2103, 0x2103, 0x2103, 0x2103, 0x2103,
	0x2103, 0x2103, 0x2103, 0x2103, 0x2103, 0x2103, 0x2103, 0x2103, 0x2103, 0x2103, 0x2103, 0x2103, 0x20e3, 0x20e3, 0x20e3, 0x20e3,
	0x20e3, 0x2103, 0x2103, 0x2103, 0x2103, 0x2103, 0x2103, 0x2103, 0x2103, 0x2103, 0x2103, 0x2103, 0x2103, 0x2103, 0x20e3, 0x20e3,
	0x2103, 0x2103, 0x2103, 0x20e3, 0x20e3, 0x20e3, 0x2103, 0x2103, 0x2103, 0x2103, 0x2103, 0x2103, 0x20e3, 0x20c3, 0x20e3, 0x20e3,
	0x20c3, 0x20c3, 0x20e3, 0x18e3, 0x18e3, 0x18c3, 0x18e3, 0x18c3, 0x18e3, 0x18e3, 0x18c3, 0x18c3, 0x18c3, 0x18c3, 0x18c3, 0x18c3,
	0x18c3, 0x18e3, 0x0861, 0x632c, 0xffff, 0x4a8a, 0x0882, 0x2965, 0x2124, 0x1904, 0x18c3, 0x18c3, 0x18c3, 0x18c3, 0x18c3, 0x20e3,
	0x20e3, 0x20e3, 0x18c2, 0x49a2, 0xe582, 0xed41, 0xed82, 0x7ae3, 0x1082, 0x18c3, 0x18e3, 0x18e3, 0x18e3, 0x18c3, 0x18c3, 0x18c3,
	0x18e3, 0x1903, 0x18c2, 0x1061, 0x0020, 0x10c3, 0x52ec, 0x73d0, 0x10a3, 0x18e3, 0x18e3, 0x20e3, 0x20e3, 0x20e3, 0x20e3, 0x20e3,
	0x20e3, 0x20e3, 0x20e3, 0x20e3, 0x20e3, 0x20e3, 0x20e3, 0x20e3, 0x20e3, 0x20e3, 0x20e3, 0x20e3, 0x20e3, 0x20e3, 0x20e3, 0x20e3,
	0x20e3, 0x20e3, 0x20e3, 0x20e3, 0x2103, 0x2103, 0x2103, 0x2103, 0x2103, 0x20e3, 0x2103, 0x2103, 0x2103, 0x2103, 0x20e3, 0x20e3,
	0x2103, 0x20e3, 0x2103, 0x2103, 0x20e3, 0x2103, 0x2103, 0x2103, 0x2103, 0x2103, 0x2103, 0x2103, 0x2103, 0x2103, 0x2103, 0x2103,
	0x2103, 0x2103, 0x2103, 0x20e3, 0x20e3, 0x2103, 0x20e3, 0x2102, 0x2103, 0x18e3, 0x2103, 0x20e3, 0x20e3, 0x2103, 0x2103, 0x2103,
	0x2103, 0x2103, 0x2103, 0x2103, 0x2103, 0x20e3, 0x2103, 0x2103, 0x2103, 0x2103, 0x2103, 0x2103, 0x2103, 0x2103, 0x2103, 0x2103,
	0x2103, 0x2103, 0x20e3, 0x20e3, 0x20e3, 0x20e3, 0x20e3, 0x20e3, 0x20e3, 0x18e3, 0x18e3, 0x18e3, 0x18c3, 0x20e3, 0x18e3, 0x18c2,
	0x18e3, 0x18c3, 0x18e3, 0x18e3, 0x18e3, 0x18c3, 0x18c3, 0x18e3, 0x1082, 0xe73c, 0xb5b6, 0x2124, 0x39e7, 0x1904, 0x18c3, 0x10c3,
	0x18c3, 0x18c3, 0x18c2, 0x18c3, 0x20e3, 0x20e3, 0x20e3, 0x20e3, 0x20e3, 0x10a3, 0x2922, 0x9382, 0x5202, 0x0842, 0x18c3, 0x18c3,
	0x18e3, 0x18e3, 0x18c3, 0x20e3, 0x18c3, 0x18c3, 0x20e3, 0x18e3, 0x18e3, 0x18e3, 0x18e3, 0x18a2, 0x0841, 0x0861, 0x18c3, 0x18c3,
	0x18e3, 0x20e3, 0x20e3, 0x20e3, 0x20e3, 0x20e3, 0x20e3, 0x2103, 0x20e3, 0x20e3, 0x18e3, 0x2103, 0x2103, 0x2103, 0x20e3, 0x20e3,
	0x20e3, 0x20e3, 0x20e3, 0x20e3, 0x2103, 0x20e3, 0x20e3, 0x20e3, 0x20e3, 0x20e3, 0x2103, 0x2103, 0x2103, 0x2103, 0x2103, 0x2103,
	0x2103, 0x2103, 0x2103, 0x2103, 0x20e3, 0x2103, 0x2103, 0x20e3, 0x2103, 0x2103, 0x20e3, 0x2103, 0x2103, 0x2103, 0x2103, 0x2103,
	0x2103, 0x2103, 0x2103, 0x2103, 0x2103, 0x2103, 0x2103, 0x2103, 0x20e3, 0x20e3, 0x2103, 0x2103, 0x2103, 0x2103, 0x20e3, 0x20e3,
	0x2103, 0x2103, 0x2103, 0x2103, 0x2103, 0x2103, 0x2103, 0x2103, 0x2103, 0x2103, 0x2103, 0x20e3, 0x2103, 0x2103, 0x2103, 0x2103,
	0x2103, 0x2103, 0x20e3, 0x2103, 0x2103, 0x2103, 0x2103, 0x2103, 0x2103, 0x20e3, 0x20e3, 0x20e3, 0x20e3, 0x20e3, 0x20e3, 0x20e3,
	0x20e3, 0x20e3, 0x20e3, 0x20e3, 0x20e3, 0x20e3, 0x20e3, 0x20e3, 0x20e3, 0x18e3, 0x18e2, 0x18e3, 0x18e3, 0x1082, 0x5acb, 0xc638,
	0x4248, 0x2124, 0x18c3, 0x10a2, 0x18c2, 0x18c3, 0x18c3, 0x18c3, 0x18c3, 0x20e3, 0x20e3, 0x20e3, 0x20e3, 0x20e3, 0x18c3, 0x18e2,
	0x10c3, 0x0862, 0x0882, 0x18c2, 0x18c3, 0x18e3, 0x20c3, 0x20e3, 0x20e3, 0x20e3, 0x20e3, 0x20e3, 0x20e3, 0x20e3, 0x20e3, 0x18e3,
	0x18e3, 0x18e2, 0x18e3, 0x20e3, 0x18e3, 0x18e3, 0x20e3, 0x20e3, 0x2103, 0x20e3, 0x20e3, 0x20e3, 0x20e3, 0x2103, 0x2103, 0x2103,
	0x20e3, 0x2103, 0x2103, 0x2103, 0x2103, 0x2103, 0x20e3, 0x2103, 0x20e3, 0x20e3, 0x20e3, 0x20e3, 0x2103, 0x2103, 0x20e3, 0x20e3,
	0x2103, 0x2102, 0x2103, 0x20e3, 0x2103, 0x2103, 0x2103, 0x2103, 0x2102, 0x2103, 0x2103, 0x2103, 0x2103, 0x2103, 0x2103, 0x2103,
	0x2103, 0x2103, 0x2103, 0x2103, 0x2103, 0x20e3, 0x20e3, 0x2103, 0x2103, 0x2103, 0x2103, 0x2103, 0x2103, 0x2103, 0x20e3, 0x20e3,
	0x2103, 0x20e3, 0x2103, 0x2103, 0x2103, 0x18e3, 0x2103, 0x2103, 0x2103, 0x2103, 0x2103, 0x2103, 0x2103, 0x2103, 0x2103, 0x2103,
	0x2103, 0x20e3, 0x2103, 0x2103, 0x2103, 0x2103, 0x2103, 0x2103, 0x2103, 0x2103, 0x2103, 0x2103, 0x2103, 0x2103, 0x2103, 0x20e3,
	0x20e3, 0x20e3, 0x20e3, 0x20e3, 0x20e3, 0x20e3, 0x20e3, 0x20e3, 0x20e3, 0x20e3, 0x20e3, 0x20e3, 0x20e3, 0x20e3, 0x20e3, 0x18e3,
	0x18e3, 0x18e3, 0x18e3, 0x18c2, 0x2124, 0x0861, 0x0841, 0x10a2, 0x18c3, 0x18c3, 0x18c3, 0x18e3, 0x20e3, 0x20e3, 0x20e3, 0x20e3,
	0x20e3, 0x20e3, 0x20e3, 0x20e3, 0x20e3, 0x18e3, 0x18e3, 0x18e3, 0x18e3, 0x18c3, 0x18e3, 0x18c3, 0x20e3, 0x20e3, 0x20e3, 0x20e3,
	0x20e3, 0x20e3, 0x20e3, 0x20e3, 0x20e3, 0x18e3, 0x18e3, 0x18e3, 0x20e3, 0x20e3, 0x2103, 0x20e3, 0x20e3, 0x20e3, 0x20e3, 0x20e3,
	0x20e3, 0x20e3, 0x20e3, 0x2103, 0x2103, 0x2103, 0x20e3, 0x20e3, 0x2103, 0x20e3, 0x20e3, 0x2103, 0x2103, 0x2103, 0x2103, 0x2103,
	0x2103, 0x20e3, 0x2103, 0x2103, 0x20e3, 0x2103, 0x2103, 0x2103, 0x2103, 0x20e3, 0x2103, 0x2103, 0x2103, 0x20e3, 0x2103, 0x2103,
	0x20e3, 0x20e3, 0x2103, 0x2103, 0x2103, 0x2103, 0x2103, 0x2103, 0x2103, 0x2103, 0x2103, 0x2103, 0x2103, 0x2103, 0x2103, 0x2103,
	0x2103, 0x2103, 0x2103, 0x2103, 0x20e3, 0x20e3, 0x2103, 0x2103, 0x2103, 0x20e2, 0x2103, 0x2103, 0x2103, 0x2103, 0x2103, 0x2103,
	0x2103, 0x2103, 0x2103, 0x2103, 0x2103, 0x2103, 0x2103, 0x20e3, 0x2103, 0x2103, 0x20e3, 0x2103, 0x2103, 0x2103, 0x2103, 0x2103,
	0x2103, 0x2103, 0x2103, 0x20e3, 0x2103, 0x2103, 0x20e3, 0x20e3, 0x20e3, 0x20e3, 0x20e3, 0x20e3, 0x20e3, 0x20e3, 0x20e3, 0x20e3,
	0x20e3, 0x20e3, 0x20e3, 0x20e3, 0x20e3, 0x20e3, 0x20e3, 0x20c3, 0x18c3, 0x18c3, 0x10a2, 0x18c3, 0x18e3, 0x18c3, 0x18c3, 0x20e3,
	0x20e3, 0x20e3, 0x20e3, 0x20e3, 0x20e3, 0x20e3, 0x20e3, 0x20e3, 0x20e3, 0x20e3, 0x20e3, 0x18c3, 0x18c3, 0x18c3, 0x18c3, 0x18e3,
	0x20e3, 0x20e3, 0x20e3, 0x20e3, 0x20e3, 0x20e3, 0x20e3, 0x20e3, 0x20e3, 0x20e3, 0x20e3, 0x20e3, 0x20e3, 0x20e3, 0x20e3, 0x2103,
	0x2103, 0x2103, 0x20e3, 0x20e3, 0x20c3, 0x2103, 0x20e2, 0x20e3, 0x20e3, 0x20e3, 0x20e3, 0x20e3, 0x2103, 0x20e3, 0x2103, 0x20e3,
	0x20e3, 0x20e3, 0x20e3, 0x20e3, 0x20e3, 0x2103, 0x2103, 0x20e3, 0x20e3, 0x2103, 0x2103, 0x2103, 0x2103, 0x20e3, 0x20e3, 0x2103,
	0x20e3, 0x20e3, 0x2103, 0x18e3, 0x20e3, 0x2103, 0x20e3, 0x20e3, 0x2103, 0x20e3, 0x2103, 0x2103, 0x2103, 0x2103, 0x2103, 0x2103,
	0x20e3, 0x2103, 0x20e3, 0x2103, 0x2103, 0x2103, 0x2103, 0x2103, 0x2103, 0x2103, 0x20e3, 0x20e3, 0x2103, 0x20e3, 0x20e3, 0x20e3,
	0x20e3, 0x20e3, 0x20e3, 0x20e3, 0x20e3, 0x2103, 0x20e3, 0x2103, 0x2103, 0x2103, 0x2103, 0x2103, 0x20e3, 0x2103, 0x2103, 0x2103,
	0x18e3, 0x2103, 0x2103, 0x2103, 0x2103, 0x2103, 0x2103, 0x2103, 0x2103, 0x2103, 0x2103, 0x2103, 0x20e3, 0x20e3, 0x20e3, 0x20e3,
	0x20e3, 0x20e3, 0x20e3, 0x20e3, 0x20e3, 0x20e3, 0x20e3, 0x20e3, 0x20e3, 0x20e3, 0x20e3, 0x20e3, 0x20e3, 0x20e3, 0x20e3, 0x18e3,
	0x18e3, 0x20c3, 0x18c3, 0x18e3, 0x20e3, 0x20e3, 0x20e3, 0x20e3, 0x20e3, 0x20e3, 0x20e3, 0x20e3, 0x20e3, 0x20c3, 0x20e3, 0x18e3,
	0x20c3, 0x20c3, 0x20c3, 0x20e3, 0x20e3, 0x20e3, 0x20e3, 0x20e3, 0x20e3, 0x20e3, 0x20e3, 0x20e3, 0x20e3, 0x20e3, 0x20e3, 0x20e3,
	0x20e3, 0x20e3, 0x20e3, 0x20e3, 0x20e3, 0x20e3, 0x20e3, 0x20e3, 0x20e3, 0x20e3, 0x20e3, 0x20e3, 0x20e3, 0x20e3, 0x20e3, 0x20e3,
	0x20e3, 0x20e3, 0x2103, 0x20e3, 0x2103, 0x18e3, 0x20e3, 0x20e3, 0x2103, 0x20e3, 0x2103, 0x2103, 0x2103, 0x2103, 0x20e3, 0x2103,
	0x2103, 0x2103, 0x2103, 0x20e3, 0x20e3, 0x20e3, 0x20e3, 0x20e3, 0x2103, 0x20e3, 0x20e3, 0x20e3, 0x20e3, 0x20e3, 0x2103, 0x2103,
	0x2103, 0x2103, 0x2103, 0x2103, 0x2103, 0x2103, 0x2103, 0x2103, 0x2103, 0x20e3, 0x2103, 0x2103, 0x2103, 0x2103, 0x2103, 0x2103,
	0x20e3, 0x20e3, 0x20e3, 0x20e3, 0x20e3, 0x2103, 0x20e3, 0x20e3, 0x20e3, 0x20e3, 0x20e3, 0x2103, 0x2103, 0x2103, 0x20e3, 0x2103,
	0x2103, 0x20e3, 0x20e3, 0x2103, 0x2103, 0x2103, 0x2102, 0x2103, 0x2103, 0x2103, 0x2103, 0x2103, 0x2103, 0x2103, 0x2103, 0x2103,
	0x2103, 0x2103, 0x2103, 0x2103, 0x20e3, 0x20e3, 0x20e3, 0x20e3, 0x20e3, 0x20e3, 0x20e3, 0x20e3, 0x20e3, 0x20e3, 0x20e3, 0x20e3,
	0x20e3, 0x20e3, 0x20e3, 0x20e3, 0x20e3, 0x20e3, 0x18e3, 0x20e3, 0x20e3, 0x20e3, 0x20e3, 0x20e3, 0x20e3, 0x20e3, 0x20e3, 0x20e3,
	0x20e3, 0x20e3, 0x20e3, 0x20c3, 0x20e3, 0x20e3, 0x20e3, 0x20e3, 0x20e3, 0x20e3, 0x20e3, 0x20e3, 0x20e3, 0x20e3, 0x20e3, 0x20e3,
	0x20e3, 0x20e3, 0x20e3, 0x20e3, 0x20e3, 0x20e3, 0x20e3, 0x20e3, 0x20e3, 0x20e3, 0x20e3, 0x20e3, 0x20e3, 0x20e3, 0x20e3, 0x20e3,
	0x2103, 0x20e3, 0x20e3, 0x20e3, 0x20e3, 0x20e3, 0x20e3, 0x20e3, 0x20e3, 0x20e3, 0x20e3, 0x2103, 0x2103, 0x2103, 0x2102, 0x2103,
	0x2103, 0x2103, 0x2103, 0x2103, 0x2103, 0x2103, 0x2103, 0x2103, 0x2103, 0x2103, 0x20e3, 0x2103, 0x20e3, 0x20e3, 0x2103, 0x20e3,
	0x20c3, 0x20e3, 0x20e3, 0x2103, 0x2103, 0x2103, 0x2103, 0x2103, 0x2103, 0x2103, 0x2103, 0x2103, 0x2103, 0x2103, 0x2103, 0x2103,
	0x2103, 0x2103, 0x2103, 0x2103, 0x20e3, 0x20e3, 0x2103, 0x20e3, 0x20e3, 0x2103, 0x20e3, 0x20e3, 0x20e3, 0x2103, 0x20e3, 0x20e3,
	0x20e3, 0x20e3, 0x20e3, 0x20e3, 0x20e3, 0x20e3, 0x2103, 0x2103, 0x20e3, 0x20e3, 0x20e3, 0x2103, 0x2103, 0x20e3, 0x20e3, 0x2103,
	0x2103, 0x2103, 0x2103, 0x2103, 0x2103, 0x2103, 0x2103, 0x2103, 0x20e3, 0x20e4, 0x20e3, 0x20e3, 0x20e3, 0x20e3, 0x20e3, 0x2103,
	0x2103, 0x20e3, 0x20e3, 0x20e3, 0x20e3, 0x20e3, 0x20e3, 0x20e3, 0x20e3, 0x20e3, 0x20e3, 0x2103, 0x2103, 0x20e3, 0x20e3, 0x20e3,
	0x20e3, 0x20e3, 0x20e3, 0x20e3, 0x20e3, 0x20e3, 0x20e3, 0x20e3, 0x20e3, 0x20e3, 0x20e3, 0x20e3, 0x20e3, 0x20e3, 0x20e3, 0x20e3,
	0x20e3, 0x20e3, 0x20e3, 0x20e3, 0x20e3, 0x20e3, 0x20e3, 0x20e3, 0x20e3, 0x20e3, 0x20e3, 0x20e3, 0x20e3, 0x20e3, 0x20e3, 0x20e3,
	0x20e3, 0x20e3, 0x20e3, 0x20e3, 0x20e3, 0x20e3, 0x20e3, 0x20c3, 0x20e3, 0x20e3, 0x20c3, 0x20e3, 0x20e3, 0x20e3, 0x20e3, 0x20e3,
	0x20e2, 0x2103, 0x20e3, 0x2103, 0x2103, 0x20e3, 0x20e3, 0x2103, 0x2103, 0x2103, 0x2103, 0x2103, 0x2103, 0x2103, 0x2103, 0x2103,
	0x2103, 0x2103, 0x2103, 0x20e3, 0x20e3, 0x20c3, 0x20c3, 0x20e3, 0x2103, 0x20e3, 0x20e3, 0x2103, 0x2103, 0x2103, 0x2103, 0x2103,
	0x2103, 0x2103, 0x2103, 0x2103, 0x2103, 0x2103, 0x2103, 0x2103, 0x2103, 0x2102, 0x2103, 0x2103, 0x2103, 0x2103, 0x2103, 0x2103,
	0x20e3, 0x20e3, 0x2103, 0x2103, 0x20e3, 0x20e3, 0x20e3, 0x20e3, 0x20e3, 0x20e3, 0x2103, 0x20e3, 0x2103, 0x2103, 0x20e3, 0x20e3,
	0x20e3, 0x20e3, 0x20e3, 0x2103, 0x2103, 0x2103, 0x2103, 0x2103, 0x2103, 0x2103, 0x2103, 0x2103, 0x2103, 0x2103, 0x2103, 0x20e4,
	0x20e3, 0x20e3, 0x20e3, 0x20e3, 0x20e3, 0x2103, 0x2103, 0x20e3, 0x20e3, 0x20e3, 0x20e3, 0x20e3, 0x20e3, 0x20e3, 0x20e3, 0x20e3,
	0x18e3, 0x20e3, 0x20e3, 0x20e3, 0x20e3, 0x20e3, 0x20e3, 0x20e3, 0x20e3, 0x20e3, 0x20e3, 0x20e3, 0x20e3, 0x20e3, 0x20e3, 0x20e3,
	0x20e3, 0x20e3, 0x20e3, 0x20e3, 0x20e3, 0x20e3, 0x20e3, 0x20e3, 0x20e3, 0x20e3, 0x20e3, 0x20e3, 0x20e3, 0x20e3, 0x20e3, 0x20e3,
	0x20e3, 0x20e3, 0x20e3, 0x20e3, 0x20e3, 0x20e3, 0x20e3, 0x20e3, 0x20e3, 0x20e3, 0x20e3, 0x20e3, 0x18e3, 0x20e3, 0x20e3, 0x20e3,
	0x20e3, 0x20e3, 0x20e3, 0x20e3, 0x20e3, 0x20e3, 0x2102, 0x20e3, 0x20e3, 0x20e3, 0x2103, 0x20e3, 0x20e3, 0x2103, 0x2103, 0x2103,
	0x2103, 0x2103, 0x2103, 0x2103, 0x2103, 0x2103, 0x2103, 0x20e3, 0x2103, 0x20e3, 0x20c3, 0x20e3, 0x20e3, 0x20e3, 0x20e3, 0x20e3,
	0x2103, 0x2103, 0x2103, 0x2103, 0x2103, 0x2103, 0x2103, 0x2103, 0x2103, 0x2103, 0x2103, 0x2103, 0x2103, 0x2103, 0x2103, 0x2103,
	0x20e3, 0x2103, 0x2103, 0x2103, 0x2103, 0x2103, 0x20e3, 0x20e3, 0x20e3, 0x2103, 0x2103, 0x20e3, 0x20e3, 0x20e3, 0x2103, 0x20e3,
	0x20e3, 0x2103, 0x20e3, 0x2103, 0x20e3, 0x20e3, 0x20e3, 0x20e3, 0x20e3, 0x2103, 0x2102, 0x2103, 0x2103, 0x2103, 0x2103, 0x2103,
	0x2103, 0x2103, 0x2103, 0x2103, 0x2103, 0x20e3, 0x2103, 0x2103, 0x20e3, 0x2103, 0x20e3, 0x2103, 0x2103, 0x20e3, 0x2103, 0x2103,
	0x20e3, 0x20e3, 0x2103, 0x2103, 0x2103, 0x2103, 0x20e3, 0x20e3, 0x20e3, 0x20e3, 0x20e3, 0x20e3, 0x20e3, 0x20e3, 0x20e3, 0x20e3,
	0x20e3, 0x20c3, 0x20e3, 0x20e3, 0x20e3, 0x20e3, 0x20e3, 0x20e3, 0x20e3, 0x20e3, 0x20e3, 0x20e3, 0x20e3, 0x20c3, 0x20e3, 0x20e3,
	0x20e3, 0x20e3, 0x20c3, 0x20c3, 0x20c3, 0x20e3, 0x20e3, 0x20e3, 0x20e3, 0x20e3, 0x20e3, 0x20e3, 0x20e3, 0x2103, 0x20e3, 0x20e3,
	0x20e3, 0x20e3, 0x20e3, 0x20e3, 0x20e3, 0x20e3, 0x2103, 0x20e2, 0x20e3, 0x20e3, 0x20e3, 0x20e3, 0x2103, 0x20e3, 0x20e3, 0x2103,
	0x20e3, 0x20e3, 0x20e3, 0x2103, 0x2103, 0x2103, 0x2103, 0x2103, 0x2103, 0x2103, 0x2103, 0x2103, 0x2103, 0x2103, 0x2103, 0x20e3,
	0x20e3, 0x20e3, 0x20e3, 0x20e3, 0x20e3, 0x20e3, 0x2103, 0x2103, 0x2103, 0x2103, 0x2103, 0x2103, 0x2103, 0x2103, 0x2103, 0x2103,
	0x2103, 0x2103, 0x2103, 0x2103, 0x2103, 0x20e3, 0x18e3, 0x2103, 0x2103, 0x20e3, 0x20e3, 0x20e3, 0x20e3, 0x20e3, 0x2103, 0x2103,
	0x2103, 0x20e3, 0x20e3, 0x2103, 0x20e3, 0x20e3, 0x20e3, 0x20e3, 0x2103, 0x2103, 0x20e3, 0x20e3, 0x20e3, 0x20e3, 0x2103, 0x2103,
	0x2103, 0x2103, 0x2103, 0x2103, 0x2103, 0x2103, 0x2103, 0x2103, 0x2103, 0x2103, 0x2103, 0x2103, 0x2103, 0x2103, 0x2103, 0x20e3,
	0x2103, 0x2103, 0x2103, 0x2103, 0x2103, 0x2103, 0x2103, 0x20e3, 0x20e3, 0x20e3, 0x2103, 0x2103, 0x20e3, 0x20e3, 0x20e3, 0x20e3,
	0x20e3, 0x20e3, 0x20e3, 0x20e3, 0x20e3, 0x20c3, 0x20e3, 0x20e3, 0x20e3, 0x20e3, 0x20c3, 0x20e3, 0x20e3, 0x20e3, 0x20e3, 0x20e3,
	0x20e3, 0x20e3, 0x20e3, 0x20e3, 0x20e3, 0x20e3, 0x20e3, 0x20e3, 0x20e3, 0x20e3, 0x20e3, 0x20e3, 0x20e3, 0x20e3, 0x20e3, 0x20e3,
	0x20e3, 0x20e3, 0x20e3, 0x20e3, 0x20e3, 0x20e3, 0x20e3, 0x20e3, 0x20c3, 0x20e3, 0x20e3, 0x20e3, 0x2103, 0x20e3, 0x20e3, 0x20e3,
	0x20e3, 0x20e3, 0x2103, 0x20e3, 0x20e3, 0x2103, 0x20e3, 0x20c3, 0x20e3, 0x2103, 0x2103, 0x2103, 0x2103, 0x2103, 0x2103, 0x2103,
	0x2103, 0x2103, 0x2103, 0x2103, 0x2103, 0x2103, 0x2103, 0x2103, 0x20e3, 0x20e3, 0x20e3, 0x20e3, 0x2103, 0x2103, 0x2103, 0x2103,
	0x2103, 0x2103, 0x2103, 0x2103, 0x2103, 0x2103, 0x2103, 0x2103, 0x2103, 0x2103, 0x2103, 0x2103, 0x20e3, 0x20e3, 0x2103, 0x20e3,
	0x20e3, 0x20e3, 0x20e3, 0x2103, 0x2103, 0x2103, 0x20e3, 0x20e3, 0x20e3, 0x2103, 0x20e3, 0x20e3, 0x20e3, 0x20e3, 0x20e3, 0x20e3,
	0x20e3, 0x20e3, 0x20e3, 0x20e3, 0x2103, 0x2103, 0x2103, 0x2103, 0x2103, 0x2103, 0x2103, 0x2103, 0x2103, 0x2103, 0x2103, 0x2103,
	0x2103, 0x2103, 0x2103, 0x2103, 0x2103, 0x2103, 0x2103, 0x2103, 0x2103, 0x2103, 0x20e3, 0x2103, 0x2103, 0x20e3, 0x20e3, 0x2103,
	0x20e3, 0x20e3, 0x2103, 0x20e3, 0x20e3, 0x20e3, 0x20c3, 0x20e3, 0x20e3, 0x20e3, 0x20e3, 0x20c3, 0x20e3, 0x2103, 0x2103, 0x20e3,
	0x20e3, 0x20c3, 0x20e3, 0x20e3, 0x20e3, 0x20e3, 0x20e3, 0x20e3, 0x20e3, 0x20e3, 0x20e3, 0x20e3, 0x2103, 0x2103, 0x20e3, 0x20e3,
	0x20e3, 0x20e3, 0x20e3, 0x20e3, 0x20e3, 0x20e3, 0x20e3, 0x20e3, 0x20e3, 0x20e3, 0x20e3, 0x20e3, 0x20e3, 0x20e3, 0x20e3, 0x20e3,
	0x20e3, 0x20e3, 0x20e3, 0x20e3, 0x20e3, 0x20e3, 0x20e3, 0x20e3, 0x2103, 0x20e3, 0x20e3, 0x2103, 0x20c3, 0x20c3, 0x20e3, 0x2103,
	0x2103, 0x2103, 0x2103, 0x2103, 0x2103, 0x2103, 0x2103, 0x2103, 0x2103, 0x2103, 0x20e3, 0x2103, 0x2103, 0x2102, 0x2103, 0x20e3,
	0x20e3, 0x2103, 0x2103, 0x2103, 0x2103, 0x2103, 0x2103, 0x2103, 0x2103, 0x2103, 0x2103, 0x2103, 0x2103, 0x2103, 0x2103, 0x2103,
	0x20e3, 0x2103, 0x2103, 0x2103, 0x2103, 0x20e3, 0x20e3, 0x2103, 0x2103, 0x2103, 0x2103, 0x2103, 0x2103, 0x2103, 0x2103, 0x2103,
	0x20e3, 0x20e3, 0x2103, 0x20e3, 0x20e3, 0x20e3, 0x2103, 0x20e3, 0x20e3, 0x20e3, 0x2103, 0x2103, 0x2103, 0x2103, 0x2103, 0x2103,
	0x2103, 0x2103, 0x2103, 0x2103, 0x2103, 0x2103, 0x2103, 0x2103, 0x2103, 0x2103, 0x2103, 0x20e2, 0x2102, 0x2103, 0x2103, 0x2103,
	0x20e3, 0x2103, 0x2103, 0x2103, 0x2103, 0x2103, 0x20e3, 0x20e3, 0x20e3, 0x20e3, 0x20e3, 0x20e3, 0x20e3, 0x2103, 0x2103, 0x2103,
	0x20e3, 0x20c3, 0x20e3, 0x2103, 0x2103, 0x20e3, 0x20e3, 0x20e3, 0x20e3, 0x20e3, 0x20e3, 0x20e3, 0x20e3, 0x20e3, 0x20e3, 0x20e3,
	0x20e3, 0x20e3, 0x2103, 0x2103, 0x2103, 0x20e3, 0x20e3, 0x20c2, 0x20e3, 0x20e3, 0x20e3, 0x20e3, 0x20e3, 0x20e3, 0x20e3, 0x20e3,
	0x20e3, 0x20e3, 0x20e3, 0x20e3, 0x2103, 0x20e3, 0x20e3, 0x20e3, 0x20c3, 0x2103, 0x20e3, 0x20e3, 0x20e3, 0x2103, 0x2103, 0x20e3,
	0x20e3, 0x2103, 0x20e3, 0x20e3, 0x20e3, 0x20e3, 0x2103, 0x2103, 0x2103, 0x2103, 0x2103, 0x2103, 0x2103, 0x2103, 0x2103, 0x2103,
	0x2103, 0x2103, 0x2103, 0x2103, 0x2103, 0x20e3, 0x20e3, 0x2103, 0x2103, 0x2103, 0x2103, 0x2103, 0x2103, 0x2103, 0x2103, 0x2103,
	0x2103, 0x2103, 0x2103, 0x2103, 0x2103, 0x2103, 0x20e3, 0x2103, 0x20e3, 0x2103, 0x20e3, 0x20e3, 0x20e3, 0x20e3, 0x2103, 0x2103,
	0x2103, 0x2103, 0x2103, 0x2103, 0x2103, 0x2103, 0x20e3, 0x20e3, 0x20e3, 0x2103, 0x2103, 0x20e3, 0x20e3, 0x20e3, 0x20e3, 0x20e3,
	0x2103, 0x2103, 0x2103, 0x2103, 0x2103, 0x2103, 0x2103, 0x2103, 0x2103, 0x20e3, 0x2103, 0x2103, 0x2103, 0x2103, 0x2103, 0x2103,
	0x2103, 0x20e3, 0x20e3, 0x2103, 0x2103, 0x2103, 0x2103, 0x2103, 0x2103, 0x2103, 0x2103, 0x2103, 0x20e3, 0x20e3, 0x20e3, 0x20e3,
	0x20e3, 0x20e3, 0x2103, 0x2103, 0x2103, 0x20e3, 0x20e3, 0x20e3, 0x20e3, 0x2103, 0x20e3, 0x20e3, 0x20e3, 0x20e3, 0x20e3, 0x20e3,
	0x20e3, 0x20e3, 0x20e3, 0x20e3, 0x20e3, 0x20e3, 0x20e3, 0x20e3, 0x2103, 0x20e3, 0x20e3, 0x20e3, 0x20e3, 0x20e3, 0x20e3, 0x20e3,
	0x20e3, 0x20e3, 0x20e3, 0x20e3, 0x20e3, 0x20e3, 0x20e3, 0x20e3, 0x2103, 0x20e3, 0x20e3, 0x20e3, 0x20e3, 0x20e3, 0x20e3, 0x20e3,
	0x20e3, 0x20e3, 0x20e3, 0x2103, 0x2103, 0x2103, 0x2103, 0x2103, 0x2103, 0x2103, 0x2103, 0x2103, 0x2103, 0x2103, 0x2103, 0x2103,
	0x2103, 0x2103, 0x2103, 0x2103, 0x2103, 0x2103, 0x2103, 0x2103, 0x2103, 0x2103, 0x20e3, 0x20e3, 0x20e3, 0x2103, 0x2103, 0x2103,
	0x2103, 0x20e3, 0x2103, 0x2103, 0x20e3, 0x20e3, 0x2103, 0x2103, 0x20e3, 0x20e3, 0x20e3, 0x20e3, 0x20e3, 0x2103, 0x20e3, 0x2103,
	0x20e3, 0x2103, 0x20e3, 0x20e3, 0x20e3, 0x20e3, 0x2103, 0x2103, 0x2103, 0x20e3, 0x2103, 0x2103, 0x2103, 0x20e3, 0x20e3, 0x2103,
	0x2103, 0x20e3, 0x2103, 0x20e3, 0x20c3, 0x20e3, 0x20e3, 0x2103, 0x2103, 0x2103, 0x2103, 0x2103, 0x2103, 0x2103, 0x2103, 0x2103,
	0x2103, 0x2103, 0x2103, 0x20e3, 0x2103, 0x20e3, 0x20e3, 0x20e3, 0x20e3, 0x2103, 0x2103, 0x2103, 0x2103, 0x2103, 0x2103, 0x2103,
	0x2103, 0x2103, 0x20e3, 0x20e3, 0x2103, 0x20e3, 0x20e3, 0x20e3, 0x2103, 0x2103, 0x20e3, 0x20e3, 0x2103, 0x2103, 0x20e2, 0x20e3,
	0x20e3, 0x20e3, 0x20e3, 0x20e3, 0x20e3, 0x20e3, 0x20c3, 0x20e3, 0x20e3, 0x20e3, 0x20e3, 0x20e3, 0x2103, 0x2103, 0x20e3, 0x2103,
	0x20e3, 0x20e3, 0x2103, 0x2103, 0x20e3, 0x20e3, 0x20e3, 0x20e3, 0x20e3, 0x20e3, 0x20e3, 0x20e3, 0x20e3, 0x20e3, 0x2103, 0x20e3,
	0x20e3, 0x2103, 0x20e3, 0x20e3, 0x2103, 0x20e3, 0x20e3, 0x20e3, 0x20e3, 0x20e3, 0x2103, 0x2103, 0x2103, 0x2103, 0x2103, 0x2103,
	0x2103, 0x2103, 0x2103, 0x2103, 0x2103, 0x2103, 0x2103, 0x2103, 0x2103, 0x2103, 0x2103, 0x2103, 0x2103, 0x2103, 0x2103, 0x2103,
	0x20e3, 0x20e3, 0x2103, 0x2102, 0x2103, 0x2103, 0x2103, 0x2103, 0x2103, 0x2103, 0x2103, 0x2103, 0x2103, 0x2103, 0x2103, 0x2103,
	0x20e3, 0x20e3, 0x2103, 0x2103, 0x2103, 0x2103, 0x20e3, 0x20e3, 0x20e3, 0x20e3, 0x2103, 0x20e3, 0x2103, 0x2103, 0x2103, 0x20e3,
	0x2103, 0x20e3, 0x20e3, 0x20e3, 0x20e3, 0x20e3, 0x2103, 0x18e2, 0x20e3, 0x20e3, 0x20e3, 0x2103, 0x20e3, 0x2103, 0x2103, 0x2103,
	0x2103, 0x2103, 0x2103, 0x2103, 0x2103, 0x2103, 0x2103, 0x2103, 0x2103, 0x20e3, 0x20e3, 0x20e3, 0x20e3, 0x20c3, 0x20e3, 0x20e3,
	0x20e3, 0x2103, 0x2103, 0x2103, 0x2103, 0x2103, 0x2103, 0x2103, 0x20e4, 0x20e4, 0x20e3, 0x20e3, 0x20e3, 0x2103, 0x18e3, 0x20e4,
	0x2103, 0x2103, 0x2103, 0x20e3, 0x20e3, 0x20e3, 0x20e3, 0x20e3, 0x20e3, 0x20e3, 0x20e3, 0x20e3, 0x20c3, 0x20c3, 0x20e3, 0x20e3,
	0x20e3, 0x20e3, 0x2103, 0x20e3, 0x20e3, 0x20e3, 0x20e3, 0x2103, 0x2103, 0x20e2, 0x20e3, 0x20e3, 0x20e3, 0x20e3, 0x20e3, 0x20c3,
	0x20e3, 0x2103, 0x2103, 0x20e3, 0x20e3, 0x20e3, 0x20e3, 0x2103, 0x20e3, 0x20e3, 0x2103, 0x2103, 0x2103, 0x2103, 0x2103, 0x20e3,
	0x2103, 0x2103, 0x2103, 0x2103, 0x2103, 0x20e3, 0x20e3, 0x2103, 0x1903, 0x2103, 0x2103, 0x2103, 0x20e3, 0x2103, 0x2103, 0x2103,
	0x2103, 0x2103, 0x2103, 0x2103, 0x2103, 0x2103, 0x20e3, 0x2103, 0x2103, 0x20e3, 0x2103, 0x2103, 0x2103, 0x2103, 0x2103, 0x2103,
	0x2103, 0x2103, 0x2103, 0x2103, 0x2103, 0x2103, 0x2103, 0x2103, 0x2103, 0x2103, 0x2103, 0x2103, 0x20e3, 0x20e3, 0x20c3, 0x20e3,
	0x2103, 0x2103, 0x20e3, 0x2103, 0x2103, 0x20e3, 0x2103, 0x20e3, 0x20e3, 0x20e3, 0x20e3, 0x20e3, 0x2103, 0x20e3, 0x2103, 0x20e3,
	0x20e3, 0x20e3, 0x2103, 0x2103, 0x2103, 0x2103, 0x2103, 0x2103, 0x2103, 0x2103, 0x2103, 0x2103, 0x2103, 0x2103, 0x2103, 0x2103,
	0x20e3, 0x20e2, 0x2103, 0x2103, 0x20e3, 0x20e3, 0x20e3, 0x20e3, 0x2103, 0x2103, 0x2103, 0x2103, 0x20e3, 0x2103, 0x2103, 0x20e3,
	0x20e3, 0x20e3, 0x20e3, 0x20e3, 0x20e3, 0x20e3, 0x20e3, 0x20e3, 0x20e3, 0x20e3, 0x20e3, 0x20e3, 0x20e3, 0x2103, 0x2103, 0x20e3,
	0x20e3, 0x20e3, 0x20e3, 0x20e3, 0x20e3, 0x20e3, 0x20e3, 0x20e3, 0x20e3, 0x2103, 0x20e3, 0x2103, 0x2103, 0x2103, 0x2103, 0x2103,
	0x18e3, 0x20e3, 0x20e3, 0x20e3, 0x20e3, 0x20e3, 0x20e3, 0x20e3, 0x20e3, 0x20e3, 0x20e3, 0x20e3, 0x20e3, 0x20e3, 0x20e3, 0x2103,
	0x2102, 0x2103, 0x2103, 0x2103, 0x2103, 0x2103, 0x20e3, 0x20e3, 0x2103, 0x2103, 0x2103, 0x2103, 0x2103, 0x2102, 0x2103, 0x20e3,
	0x20e3, 0x2103, 0x20e3, 0x2103, 0x2103, 0x2103, 0x2103, 0x2103, 0x2103, 0x2103, 0x2103, 0x2103, 0x2103, 0x2103, 0x20e3, 0x20e3,
	0x2103, 0x2103, 0x2103, 0x20e3, 0x20e3, 0x2103, 0x2103, 0x2103, 0x2103, 0x2103, 0x2103, 0x2103, 0x2103, 0x2103, 0x2103, 0x20e3,
	0x20e3, 0x20e3, 0x20e3, 0x20e3, 0x20e3, 0x20e3, 0x20e3, 0x20e3, 0x2103, 0x2103, 0x2103, 0x2103, 0x2103, 0x20e3, 0x20e3, 0x20e3,
	0x20e3, 0x20e3, 0x2103, 0x2103, 0x2103, 0x20e3, 0x20e3, 0x20e3, 0x2103, 0x2103, 0x2103, 0x2103, 0x2103, 0x2103, 0x2103, 0x2103,
	0x2103, 0x2103, 0x2103, 0x2103, 0x2103, 0x2103, 0x2103, 0x2103, 0x2103, 0x2103, 0x20e3, 0x20e3, 0x2103, 0x20e3, 0x2103, 0x2103,
	0x2103, 0x2103, 0x20e3, 0x2103, 0x2103, 0x20e3, 0x2103, 0x20e3, 0x2103, 0x20e3, 0x20e3, 0x20e3, 0x20e3, 0x20e3, 0x20c3, 0x20c3,
	0x20e3, 0x20e3, 0x20e3, 0x20e3, 0x20e3, 0x20e3, 0x20e3, 0x20e3, 0x20e3, 0x20e3, 0x20e3, 0x20e3, 0x20e3, 0x20e3, 0x20e3, 0x20e3,
	0x20e3, 0x20e3, 0x20e3, 0x20e3, 0x2103, 0x2103, 0x2103, 0x20e3, 0x20e3, 0x20e3, 0x2103, 0x20e3, 0x20e3, 0x20e3, 0x2103, 0x20e3,
	0x20e3, 0x20e3, 0x2103, 0x20e3, 0x20e3, 0x2103, 0x2103, 0x2103, 0x2103, 0x2103, 0x2103, 0x2103, 0x2103, 0x2103, 0x2103, 0x2102,
	0x2103, 0x2103, 0x2103, 0x2103, 0x20e3, 0x20e3, 0x20e3, 0x20e3, 0x2103, 0x2103, 0x2103, 0x2103, 0x2103, 0x2103, 0x2103, 0x2103,
	0x20e3, 0x20e3, 0x20e3, 0x20e3, 0x2103, 0x2103, 0x2103, 0x2103, 0x2103, 0x2103, 0x2103, 0x2103, 0x2103, 0x2103, 0x2103, 0x2103,
	0x2103, 0x2103, 0x2103, 0x2103, 0x20e3, 0x20e3, 0x20e3, 0x20e3, 0x20e3, 0x20e3, 0x20e3, 0x20e3, 0x20e3, 0x2103, 0x2103, 0x2103,
	0x2103, 0x2103, 0x2103, 0x2103, 0x2103, 0x2103, 0x2103, 0x2103, 0x2103, 0x2103, 0x2103, 0x20e3, 0x2103, 0x20e3, 0x2103, 0x2103,
	0x2103, 0x2103, 0x2103, 0x2103, 0x2103, 0x2103, 0x2103, 0x2103, 0x2103, 0x20e3, 0x2103, 0x2103, 0x20e3, 0x2103, 0x2103, 0x2103,
	0x20e3, 0x2103, 0x2103, 0x20e3, 0x2103, 0x20e3, 0x20e3, 0x2103, 0x20e3, 0x2103, 0x20e3, 0x18e3, 0x2103, 0x20e3, 0x2103, 0x20e3,
	0x20e3, 0x20e3, 0x20e3, 0x20e3, 0x20e3, 0x20e3, 0x20e3, 0x20e3, 0x20e3, 0x20e3, 0x20c3, 0x20c3, 0x20e3, 0x20e3, 0x20e3, 0x20e3,
	0x20e3, 0x20e3, 0x20e3, 0x20e3, 0x20e3, 0x20c3, 0x20e3, 0x20e3, 0x20e3, 0x20e3, 0x2103, 0x20e3, 0x2103, 0x20e3, 0x20e3, 0x2103,
	0x2103, 0x20e3, 0x20e3, 0x2103, 0x2103, 0x20e3, 0x20e3, 0x2103, 0x2103, 0x20e3, 0x20e3, 0x2103, 0x2103, 0x2103, 0x2103, 0x2103,
	0x2103, 0x2103, 0x2103, 0x2103, 0x2103, 0x20e3, 0x2103, 0x20e3, 0x20e3, 0x20e3, 0x20e3, 0x20e3, 0x20c3, 0x20e3, 0x20e3, 0x2103,
	0x2103, 0x2103, 0x2103, 0x2103, 0x20e3, 0x2103, 0x20e3, 0x20e3, 0x20e3, 0x20e3, 0x20e3, 0x2103, 0x2103, 0x2103, 0x2103, 0x2103,
	0x2103, 0x2103, 0x2103, 0x2103, 0x2103, 0x20e3, 0x2103, 0x2103, 0x20e3, 0x2103, 0x20e3, 0x20e3, 0x20e3, 0x20e3, 0x20e3, 0x20c2,
	0x20e3, 0x2103, 0x20e3, 0x2103, 0x2103, 0x20e3, 0x2103, 0x2103, 0x2103, 0x20e3, 0x2103, 0x2103, 0x2103, 0x2103, 0x2103, 0x2103,
	0x20e3, 0x20e3, 0x2103, 0x2103, 0x2103, 0x2103, 0x2103, 0x2103, 0x2103, 0x2103, 0x2103, 0x2103, 0x2103, 0x2103, 0x2103, 0x2103,
	0x2103, 0x2103, 0x2103, 0x2103, 0x2103, 0x2103, 0x2103, 0x2102, 0x2103, 0x2103, 0x2102, 0x2103, 0x2103, 0x2103, 0x20c3, 0x2103,
	0x2103, 0x18e3, 0x20e3, 0x2103, 0x2103, 0x20e3, 0x20e3, 0x2102, 0x20e2, 0x2103, 0x2103, 0x2103, 0x20e3, 0x20e3, 0x20e3, 0x20e3,
	0x20e3, 0x20c3, 0x20e3, 0x2103, 0x20e2, 0x20e3, 0x20e3, 0x20e3, 0x20e3, 0x20e3, 0x20e3, 0x20c3, 0x20e3, 0x20e3, 0x2103, 0x2103,
	0x2103, 0x18e3, 0x2103, 0x2103, 0x20e3, 0x2103, 0x20e3, 0x20e3, 0x20e3, 0x20e3, 0x2102, 0x2103, 0x20e3, 0x20e3, 0x2103, 0x20e3,
	0x20e3, 0x2103, 0x2103, 0x20e3, 0x2103, 0x2103, 0x2103, 0x2103, 0x2103, 0x2103, 0x20e3, 0x20e3, 0x20e3, 0x2103, 0x20e3, 0x20e3,
	0x20e3, 0x20e3, 0x20c3, 0x20c3, 0x20c3, 0x2103, 0x2103, 0x2103, 0x2103, 0x2103, 0x2103, 0x2103, 0x2103, 0x2103, 0x20e3, 0x20e3,
	0x20e3, 0x2103, 0x2103, 0x2103, 0x2103, 0x2103, 0x2103, 0x2103, 0x2103, 0x2103, 0x2103, 0x20e3, 0x2103, 0x2103, 0x2103, 0x2103,
	0x20e3, 0x20e3, 0x20e3, 0x20e3};

// Array of all bitmaps for convenience. (Total bytes used to store images in PROGMEM = 22528)
const int epd_bitmap_allArray_LEN = 1;
const uint16_t *epd_bitmap_allArray[1] = {
	epd_bitmap_150x150};
